const unsigned char __aligned(65536) __attribute__((section(".sd1000_rom")))  ROM[] = {
  0xf3, 0xed, 0x56, 0x31, 0x00, 0xc4, 0x18, 0x7b, 0x7b, 0xd3, 0xbf, 0x7a, 0xd3, 0xbf, 0xc9, 0x33,
  0xf5, 0xcf, 0xf1, 0xd3, 0xbe, 0xc9, 0x48, 0x4f, 0x87, 0x5f, 0x16, 0x00, 0x19, 0xc3, 0x5c, 0x00,
  0x79, 0xb7, 0x28, 0x17, 0x04, 0xc3, 0x3b, 0x00, 0x79, 0xb7, 0x28, 0x1f, 0x04, 0xc3, 0x4b, 0x00,
  0xcf, 0x0e, 0xbe, 0xc3, 0x54, 0x00, 0x54, 0x41, 0xc3, 0x1e, 0x01, 0x78, 0x41, 0x0e, 0xbe, 0xed,
  0xa3, 0xf5, 0xf1, 0xc2, 0x3f, 0x00, 0x3d, 0xc2, 0x3f, 0x00, 0xc9, 0x7d, 0xd3, 0xbe, 0x0d, 0x20,
  0xfa, 0x10, 0xf8, 0xc9, 0xed, 0xa3, 0xf5, 0xf1, 0xc2, 0x54, 0x00, 0xc9, 0x7e, 0x23, 0x66, 0x6f,
  0xc9, 0x4b, 0x4e, 0x26, 0x4e, 0x4b, 0xf5, 0x3a, 0x13, 0xc0, 0xfe, 0x83, 0x20, 0x12, 0x3a, 0x05,
  0xc0, 0xfe, 0x10, 0x38, 0x0b, 0xaf, 0x32, 0x05, 0xc0, 0x3a, 0x04, 0xc0, 0x2f, 0x32, 0x04, 0xc0,
  0xf1, 0xed, 0x45, 0xcd, 0xd2, 0x02, 0x21, 0x00, 0xc0, 0x11, 0x01, 0xc0, 0x01, 0xff, 0x03, 0x75,
  0xed, 0xb0, 0xcd, 0x9c, 0x02, 0xcd, 0xbf, 0x02, 0xcd, 0x7d, 0x02, 0xaf, 0x32, 0x13, 0xc0, 0x21,
  0x13, 0xc0, 0x7e, 0xe6, 0x07, 0xd9, 0x21, 0xae, 0x00, 0xcd, 0x38, 0x06, 0x18, 0xf1, 0x4a, 0x03,
  0xd5, 0x06, 0xd5, 0x16, 0xf2, 0x0a, 0x37, 0x4a, 0xf6, 0x49, 0x21, 0x0b, 0x01, 0xcd, 0xc1, 0x16,
  0x11, 0x00, 0x61, 0xcd, 0xcf, 0x00, 0x11, 0x00, 0x69, 0xcd, 0xcf, 0x00, 0x11, 0x00, 0x71, 0xcf,
  0x01, 0x08, 0x00, 0x2a, 0xa6, 0x71, 0xef, 0x01, 0x08, 0x00, 0x6c, 0xef, 0x21, 0xa8, 0x71, 0x01,
  0x50, 0x00, 0xe7, 0x01, 0x20, 0x00, 0x2a, 0xf8, 0x71, 0xef, 0x01, 0x50, 0x00, 0x6c, 0xef, 0x21,
  0xfa, 0x71, 0x01, 0x30, 0x00, 0xe7, 0x01, 0x90, 0x01, 0x2a, 0x2a, 0x72, 0xef, 0x01, 0x68, 0x00,
  0x6c, 0xef, 0x01, 0x88, 0x00, 0x2a, 0x2c, 0x72, 0xc3, 0x28, 0x00, 0x03, 0x00, 0x41, 0x80, 0x03,
  0x26, 0x6e, 0x00, 0x49, 0x80, 0x03, 0x26, 0x6e, 0x00, 0x51, 0x80, 0x03, 0x26, 0x6e, 0xf5, 0xc5,
  0xd5, 0xe5, 0xd9, 0x08, 0xf5, 0xc5, 0xd5, 0xe5, 0xdd, 0xe5, 0xfd, 0xe5, 0xdb, 0xbf, 0x21, 0x05,
  0xc0, 0x7e, 0xfe, 0xf0, 0x30, 0x01, 0x34, 0x2b, 0x7e, 0xb7, 0xc2, 0xca, 0x01, 0xcd, 0x1f, 0x02,
  0xcd, 0xe3, 0x02, 0xcd, 0x1a, 0x4b, 0x3a, 0x20, 0xc0, 0x0f, 0x0f, 0xf5, 0xdc, 0xa0, 0x03, 0xf1,
  0x0f, 0xf5, 0xdc, 0xbd, 0x07, 0xf1, 0x0f, 0x3a, 0x13, 0xc0, 0xe6, 0x7f, 0xfe, 0x04, 0xca, 0x9e,
  0x01, 0xfe, 0x05, 0xca, 0xa1, 0x01, 0xfe, 0x03, 0xca, 0x73, 0x01, 0xfe, 0x02, 0xc2, 0xb3, 0x01,
  0xcd, 0x4f, 0x17, 0xcd, 0x4c, 0x31, 0x3a, 0x60, 0xc0, 0xb7, 0xc2, 0xb3, 0x01, 0xcd, 0xb5, 0x3f,
  0xcd, 0xc9, 0x40, 0xcd, 0xb5, 0x41, 0xcd, 0x5e, 0x42, 0xcd, 0x32, 0x42, 0xcd, 0xd9, 0x3f, 0xcd,
  0x9d, 0x3e, 0xcd, 0x1e, 0x3f, 0xcd, 0xf9, 0x0b, 0xcd, 0x27, 0x34, 0xc3, 0xa4, 0x01, 0xcd, 0xf4,
  0x32, 0xcd, 0xf9, 0x0b, 0xcd, 0x81, 0x30, 0xcd, 0x7c, 0x2f, 0xcd, 0xb2, 0x2f, 0xcd, 0xe2, 0x2f,
  0xcd, 0x5d, 0x30, 0xcd, 0x5a, 0x4c, 0xaf, 0x32, 0x20, 0xc0, 0xfd, 0xe1, 0xdd, 0xe1, 0xe1, 0xd1,
  0xc1, 0xf1, 0xd9, 0x08, 0xe1, 0xd1, 0xc1, 0xf1, 0xfb, 0xc9, 0x3e, 0x9f, 0xd3, 0x7f, 0x3e, 0xbf,
  0xd3, 0x7f, 0x3e, 0xdf, 0xd3, 0x7f, 0x3e, 0xff, 0xd3, 0x7f, 0x18, 0xda, 0x32, 0x20, 0xc0, 0x3a,
  0x20, 0xc0, 0xb7, 0x20, 0xfa, 0xc9, 0x7b, 0xd3, 0xbf, 0x7a, 0xd3, 0xbf, 0xf5, 0xf1, 0xdb, 0xbe,
  0xc9, 0x11, 0x00, 0x7b, 0x01, 0x80, 0x00, 0x2e, 0xe0, 0xcf, 0xc3, 0x28, 0x00, 0x2e, 0x20, 0x11,
  0x00, 0x78, 0x01, 0x00, 0x03, 0xcf, 0xc3, 0x28, 0x00, 0xc5, 0xcf, 0x41, 0x0e, 0xbe, 0xed, 0xa3,
  0xf5, 0xf1, 0xc2, 0x0e, 0x02, 0xeb, 0x01, 0x20, 0x00, 0x09, 0xeb, 0xc1, 0x10, 0xeb, 0xc9, 0x21,
  0x4d, 0xc0, 0x7e, 0x34, 0xe6, 0x03, 0x21, 0x2c, 0x02, 0xc3, 0x38, 0x06, 0x34, 0x02, 0x41, 0x02,
  0x55, 0x02, 0x69, 0x02, 0x21, 0x00, 0xc1, 0x11, 0x00, 0x7b, 0x01, 0x80, 0x00, 0xcf, 0xc3, 0x20,
  0x00, 0x21, 0x20, 0xc1, 0x11, 0x00, 0x7b, 0x01, 0x60, 0x00, 0xcf, 0xe7, 0x21, 0x00, 0xc1, 0x01,
  0x20, 0x00, 0xc3, 0x20, 0x00, 0x21, 0x48, 0xc1, 0x11, 0x00, 0x7b, 0x01, 0x38, 0x00, 0xcf, 0xe7,
  0x21, 0x00, 0xc1, 0x01, 0x48, 0x00, 0xc3, 0x20, 0x00, 0x21, 0x6c, 0xc1, 0x11, 0x00, 0x7b, 0x01,
  0x14, 0x00, 0xcf, 0xe7, 0x21, 0x00, 0xc1, 0x01, 0x6c, 0x00, 0xc3, 0x20, 0x00, 0x21, 0x8c, 0x02,
  0x01, 0xbf, 0x10, 0xed, 0xb3, 0x3a, 0x8e, 0x02, 0x32, 0x00, 0xc0, 0xc9, 0x02, 0x80, 0xa2, 0x81,
  0x0e, 0x82, 0xff, 0x83, 0x03, 0x84, 0x76, 0x85, 0x03, 0x86, 0x00, 0x87, 0x06, 0x14, 0x11, 0xff,
  0xff, 0x21, 0xde, 0x39, 0x19, 0x38, 0xfd, 0x10, 0xf8, 0xc9, 0x3a, 0x00, 0xc0, 0xe6, 0xbf, 0x18,
  0x05, 0x3a, 0x00, 0xc0, 0xf6, 0x40, 0x32, 0x00, 0xc0, 0x5f, 0x16, 0x81, 0xc3, 0x08, 0x00, 0x3e,
  0x92, 0xd3, 0xdf, 0x21, 0x01, 0xc0, 0xcb, 0xc6, 0xaf, 0xd3, 0xde, 0xdb, 0xde, 0xb7, 0xc8, 0xcb,
  0x86, 0xc9, 0x3e, 0x9f, 0xd3, 0x7f, 0x3e, 0xbf, 0xd3, 0x7f, 0x3e, 0xdf, 0xd3, 0x7f, 0x3e, 0xff,
  0xd3, 0x7f, 0xc9, 0x3a, 0x01, 0xc0, 0x0f, 0xda, 0xef, 0x02, 0xdb, 0xdc, 0xc3, 0x3f, 0x03, 0x3e,
  0x07, 0xd3, 0xde, 0xdb, 0xdc, 0x4f, 0x3e, 0x04, 0xd3, 0xde, 0xdb, 0xdc, 0xcb, 0x6f, 0xc2, 0x03,
  0x03, 0xcb, 0x89, 0x3e, 0x05, 0xd3, 0xde, 0xdb, 0xdc, 0xcb, 0x6f, 0xc2, 0x10, 0x03, 0xcb, 0x91,
  0x3e, 0x06, 0xd3, 0xde, 0xdb, 0xdc, 0xcb, 0x6f, 0xc2, 0x1d, 0x03, 0xcb, 0x99, 0xcb, 0x77, 0xc2,
  0x24, 0x03, 0xcb, 0x81, 0x3e, 0x02, 0xd3, 0xde, 0xdb, 0xdc, 0xcb, 0x67, 0xc2, 0x31, 0x03, 0xcb,
  0xa1, 0x3e, 0x03, 0xd3, 0xde, 0xdb, 0xdc, 0xcb, 0x67, 0xc2, 0x3e, 0x03, 0xcb, 0xa9, 0x79, 0x21,
  0x02, 0xc0, 0x2f, 0x4f, 0xae, 0x71, 0x23, 0xa1, 0x77, 0xc9, 0xd9, 0xcb, 0x7e, 0x28, 0x15, 0xeb,
  0x3e, 0x03, 0xcd, 0xdc, 0x01, 0x3a, 0x03, 0xc0, 0xb7, 0x20, 0x05, 0x21, 0x24, 0xc0, 0x35, 0xc0,
  0xeb, 0x36, 0x01, 0xc9, 0xcb, 0xfe, 0xaf, 0x32, 0x00, 0xc3, 0x3e, 0x88, 0x32, 0x24, 0xc0, 0xf3,
  0xcd, 0xfd, 0x01, 0x21, 0x00, 0xc1, 0x11, 0x01, 0xc1, 0x01, 0x7f, 0x00, 0x75, 0xed, 0xb0, 0xcd,
  0xba, 0x00, 0x21, 0x27, 0x04, 0x11, 0x40, 0x4e, 0x01, 0xc0, 0x00, 0xcf, 0xe7, 0x21, 0xdf, 0x03,
  0x11, 0x2b, 0x79, 0x01, 0x08, 0x03, 0xcd, 0x09, 0x02, 0xfb, 0xcd, 0xb1, 0x02, 0xc3, 0xf1, 0x01,
  0x21, 0x22, 0xc0, 0x35, 0xf0, 0x36, 0x01, 0x21, 0x23, 0xc0, 0x7e, 0x34, 0xfe, 0x18, 0x20, 0x02,
  0x36, 0x00, 0x26, 0x00, 0x6f, 0x11, 0xf7, 0x03, 0x19, 0x11, 0x40, 0x6e, 0xcd, 0xd0, 0x03, 0x11,
  0x08, 0x00, 0x19, 0x11, 0x80, 0x6e, 0xcd, 0xd0, 0x03, 0x11, 0x08, 0x00, 0x19, 0x11, 0xc0, 0x6e,
  0xcf, 0x06, 0x08, 0xe5, 0xc5, 0x06, 0x08, 0xcd, 0x31, 0x00, 0xc1, 0xe1, 0x10, 0xf5, 0xc9, 0xc8,
  0xc9, 0xca, 0xcb, 0xcc, 0xcd, 0xce, 0xcf, 0xd0, 0xd1, 0xd2, 0xd3, 0xd4, 0xd5, 0xd6, 0xd7, 0xd8,
  0xd9, 0xda, 0xdb, 0xdc, 0xdd, 0xde, 0xdf, 0x40, 0x40, 0x40, 0x50, 0x50, 0x50, 0x70, 0x70, 0x70,
  0xf0, 0xf0, 0xf0, 0xf0, 0xf0, 0xf0, 0x70, 0x70, 0x70, 0x50, 0x50, 0x50, 0x40, 0x40, 0x40, 0x40,
  0x40, 0x40, 0x50, 0x50, 0x50, 0x70, 0x70, 0x70, 0xf0, 0xf0, 0xf0, 0xf0, 0xf0, 0xf0, 0x70, 0x70,
  0x70, 0x50, 0x50, 0x50, 0x40, 0x40, 0x40, 0x00, 0x0f, 0x3f, 0x7f, 0x78, 0xf7, 0xef, 0xef, 0x00,
  0xfe, 0xfe, 0xfe, 0x00, 0xfe, 0xfe, 0xfe, 0x00, 0x0f, 0x3f, 0x7f, 0x78, 0xf7, 0xef, 0xef, 0x00,
  0xf8, 0xf8, 0xf9, 0x01, 0xfb, 0xfb, 0xfb, 0x00, 0x3f, 0xff, 0xff, 0xe0, 0xdf, 0xbf, 0xbf, 0x00,
  0xf8, 0xf8, 0xf8, 0x00, 0xf8, 0xf8, 0xf8, 0x00, 0x06, 0x0f, 0x1f, 0x1f, 0x39, 0x36, 0x36, 0x1c,
  0x22, 0x5d, 0xd5, 0xd9, 0xd5, 0xe2, 0xfc, 0xee, 0xef, 0xef, 0xf7, 0x78, 0x7f, 0x3f, 0x0f, 0x00,
  0xe0, 0xf8, 0xfc, 0x3c, 0xde, 0xee, 0xee, 0xee, 0xef, 0xef, 0xef, 0xe0, 0xef, 0xef, 0xef, 0x03,
  0xf3, 0xf3, 0xf3, 0x03, 0xf3, 0xf3, 0xf3, 0xb8, 0xb7, 0xb7, 0xb7, 0xb0, 0xb7, 0xb7, 0xb7, 0x00,
  0xf8, 0xf8, 0xf8, 0x18, 0xd8, 0xd9, 0xd9, 0x76, 0x6f, 0x6f, 0xef, 0xd9, 0xd9, 0xd9, 0xb0, 0xe0,
  0x60, 0x60, 0x70, 0xb0, 0xb0, 0xb8, 0xd8, 0x00, 0xff, 0xff, 0xff, 0x00, 0xff, 0xff, 0xff, 0xee,
  0xee, 0xee, 0xde, 0x3c, 0xfc, 0xf8, 0xe0, 0xee, 0xef, 0xef, 0xf7, 0x78, 0x7f, 0x3f, 0x0f, 0x03,
  0xfb, 0xfb, 0xfb, 0x01, 0xf9, 0xf8, 0xf8, 0xb8, 0xbf, 0xbf, 0xdf, 0xe0, 0xff, 0xff, 0x3f, 0xd9,
  0xdb, 0xdb, 0xdb, 0x1f, 0xfe, 0xfe, 0xfe, 0xb0, 0xbf, 0x6f, 0x6f, 0x60, 0xcf, 0xcf, 0xcf, 0xd8,
  0xdc, 0xec, 0xec, 0x0e, 0xfe, 0xfe, 0xfe, 0x65, 0x06, 0x08, 0x16, 0x00, 0x6a, 0x29, 0x30, 0x01,
  0x19, 0x10, 0xfa, 0xc9, 0x21, 0x00, 0x00, 0x06, 0x08, 0x29, 0x8f, 0x30, 0x03, 0x19, 0xce, 0x00,
  0x10, 0xf7, 0xc9, 0xed, 0x4b, 0x21, 0xc0, 0xcb, 0x51, 0xc4, 0xd3, 0x05, 0xcb, 0x59, 0xc4, 0xe2,
  0x05, 0x18, 0x0e, 0xed, 0x4b, 0x21, 0xc0, 0xcb, 0x41, 0xc4, 0x29, 0x05, 0xcb, 0x49, 0xc4, 0x3d,
  0x05, 0xcd, 0x2f, 0x06, 0xaf, 0x32, 0x21, 0xc0, 0xc9, 0xed, 0x5b, 0x24, 0xc0, 0xdd, 0x6e, 0x0a,
  0xdd, 0x66, 0x0b, 0xb7, 0xed, 0x52, 0x7c, 0xfe, 0x60, 0x30, 0x57, 0x18, 0x0f, 0x2a, 0x24, 0xc0,
  0xdd, 0x5e, 0x0a, 0xdd, 0x56, 0x0b, 0x19, 0x7c, 0xfe, 0xe0, 0x38, 0x46, 0xdd, 0x7e, 0x0e, 0xd6,
  0x20, 0x20, 0x0c, 0x32, 0x52, 0xc2, 0x32, 0x53, 0xc2, 0x32, 0x56, 0xc2, 0x32, 0x57, 0xc2, 0xaf,
  0xdd, 0x36, 0x0b, 0xe0, 0xdd, 0x77, 0x00, 0xdd, 0x77, 0x08, 0xdd, 0x77, 0x0a, 0xdd, 0x77, 0x0f,
  0xdd, 0x77, 0x15, 0xdd, 0x77, 0x11, 0xdd, 0x77, 0x18, 0xdd, 0x77, 0x19, 0xdd, 0x77, 0x1a, 0xdd,
  0x6e, 0x0e, 0x26, 0xc1, 0x11, 0x04, 0x00, 0x0e, 0xe0, 0xdd, 0x46, 0x02, 0x71, 0x19, 0x10, 0xfc,
  0x48, 0xc9, 0xdd, 0x75, 0x0a, 0xdd, 0x74, 0x0b, 0xc5, 0xdd, 0x5e, 0x04, 0xdd, 0x6e, 0x03, 0xcd,
  0xe7, 0x04, 0xdd, 0x7e, 0x05, 0x85, 0x5f, 0xdd, 0x6e, 0x02, 0x4d, 0xcd, 0xe7, 0x04, 0x29, 0x29,
  0xdd, 0x5e, 0x0c, 0xdd, 0x56, 0x0d, 0x19, 0xeb, 0xdd, 0x6e, 0x0e, 0x26, 0xc1, 0x41, 0xdd, 0x4e,
  0x0b, 0x1a, 0x81, 0x77, 0xfe, 0xd0, 0x38, 0x02, 0x36, 0xe0, 0x23, 0x23, 0x23, 0x23, 0x13, 0x10,
  0xf0, 0xc1, 0xc9, 0xed, 0x5b, 0x22, 0xc0, 0xdd, 0x6e, 0x08, 0xdd, 0x66, 0x09, 0xb7, 0xed, 0x52,
  0x18, 0x0a, 0x2a, 0x22, 0xc0, 0xdd, 0x5e, 0x08, 0xdd, 0x56, 0x09, 0x19, 0xda, 0x4c, 0x05, 0xdd,
  0x75, 0x08, 0xdd, 0x74, 0x09, 0xc5, 0xdd, 0x5e, 0x04, 0xdd, 0x6e, 0x03, 0xcd, 0xe7, 0x04, 0xdd,
  0x7e, 0x05, 0x85, 0x5f, 0xdd, 0x6e, 0x02, 0x4d, 0xcd, 0xe7, 0x04, 0x29, 0x29, 0xdd, 0x5e, 0x0c,
  0xdd, 0x56, 0x0d, 0x19, 0x59, 0x16, 0x00, 0x19, 0xeb, 0xdd, 0x6e, 0x0e, 0x26, 0xc1, 0x23, 0x41,
  0xdd, 0x4e, 0x09, 0x1a, 0x81, 0x77, 0x23, 0x23, 0x23, 0x23, 0x13, 0x10, 0xf6, 0xc1, 0xc9, 0xdd,
  0x7e, 0x01, 0xe6, 0x03, 0xc8, 0x21, 0xcd, 0x06, 0x87, 0x5f, 0x16, 0x00, 0x19, 0x7e, 0x23, 0x66,
  0x6f, 0xe9, 0xdd, 0xcb, 0x00, 0xfe, 0x7e, 0xdd, 0x77, 0x02, 0x23, 0x7e, 0xdd, 0x77, 0x03, 0x23,
  0xdd, 0x75, 0x0c, 0xdd, 0x74, 0x0d, 0xaf, 0xdd, 0x77, 0x05, 0xcd, 0x98, 0x05, 0xcd, 0xf5, 0x05,
  0xc3, 0x85, 0x06, 0xcd, 0xc1, 0x06, 0xc0, 0xd6, 0x01, 0x30, 0x11, 0xdd, 0x7e, 0x03, 0x3d, 0x18,
  0x0b, 0xcd, 0xc1, 0x06, 0xc0, 0x3c, 0xdd, 0xbe, 0x03, 0x38, 0x01, 0xaf, 0xdd, 0x77, 0x05, 0x18,
  0x04, 0xdd, 0x36, 0x01, 0x00, 0xc5, 0xdd, 0x5e, 0x04, 0xdd, 0x6e, 0x03, 0xcd, 0xe7, 0x04, 0xdd,
  0x7e, 0x05, 0x85, 0x5f, 0xdd, 0x6e, 0x02, 0x4d, 0xcd, 0xe7, 0x04, 0x29, 0x29, 0xdd, 0x5e, 0x0c,
  0xdd, 0x56, 0x0d, 0x19, 0xeb, 0x69, 0x26, 0x00, 0x29, 0x19, 0xeb, 0xdd, 0x6e, 0x0e, 0x26, 0xc1,
  0x23, 0x23, 0x41, 0x1a, 0x77, 0x23, 0x13, 0x1a, 0x77, 0x23, 0x23, 0x23, 0x13, 0x10, 0xf4, 0xc1,
  0xc9, 0xdd, 0x35, 0x06, 0xc0, 0xdd, 0x7e, 0x07, 0xdd, 0x77, 0x06, 0xdd, 0x7e, 0x05, 0xc9, 0x71,
  0x06, 0x63, 0x06, 0x81, 0x06, 0xd9, 0xcb, 0x7e, 0xc2, 0x4d, 0x07, 0xcb, 0xfe, 0xcd, 0xaa, 0x02,
  0xcd, 0xd2, 0x02, 0xcd, 0xf1, 0x01, 0xf3, 0x2e, 0x21, 0xcd, 0xff, 0x01, 0x21, 0x4a, 0x08, 0x11,
  0x80, 0x44, 0x01, 0xe0, 0x01, 0xcf, 0xe7, 0x21, 0x4a, 0x08, 0x11, 0x80, 0x4c, 0x01, 0xe0, 0x01,
  0xcf, 0xe7, 0x2e, 0xb5, 0x11, 0x80, 0x64, 0x01, 0xe0, 0x01, 0xcf, 0xef, 0x11, 0x80, 0x6c, 0x01,
  0xe0, 0x01, 0xcf, 0xef, 0x21, 0x2a, 0x0a, 0x11, 0x64, 0x78, 0x01, 0x19, 0x08, 0xcd, 0x09, 0x02,
  0x21, 0xd5, 0x07, 0xcd, 0xb2, 0x16, 0x21, 0x0e, 0xc0, 0xcd, 0xc5, 0x07, 0x21, 0x0c, 0xc0, 0x11,
  0x51, 0x7a, 0xcd, 0x8a, 0x2f, 0x3e, 0x30, 0xd3, 0xbe, 0x3e, 0x8d, 0x32, 0x00, 0xc3, 0xcd, 0xb1,
  0x02, 0xfb, 0x06, 0x05, 0xcd, 0x9e, 0x02, 0x21, 0xdc, 0x01, 0x22, 0x24, 0xc0, 0x11, 0x01, 0xc0,
  0x3e, 0x05, 0xcd, 0xdc, 0x01, 0xed, 0x4b, 0x02, 0xc0, 0x78, 0xe6, 0x30, 0x20, 0x16, 0x79, 0xe6,
  0x03, 0xc4, 0x93, 0x07, 0x2a, 0x24, 0xc0, 0x2b, 0x22, 0x24, 0xc0, 0x7c, 0xb5, 0xc0, 0x3e, 0x02,
  0x32, 0x13, 0xc0, 0xc9, 0x1a, 0xe6, 0x01, 0xf6, 0x40, 0x12, 0x21, 0xce, 0x07, 0x11, 0x10, 0xc0,
  0x01, 0x07, 0x00, 0xed, 0xb0, 0x6b, 0x62, 0x2b, 0x01, 0xe9, 0x02, 0xed, 0xb0, 0x3e, 0x3c, 0x32,
  0x69, 0xc0, 0xc9, 0x21, 0xdc, 0x01, 0x22, 0x24, 0xc0, 0x21, 0x3a, 0xc0, 0x35, 0xf0, 0x36, 0x18,
  0x21, 0x0e, 0xc0, 0x0f, 0x38, 0x0b, 0x34, 0x7e, 0xfe, 0x03, 0xda, 0xb7, 0x07, 0x36, 0x00, 0x18,
  0x05, 0x35, 0xf2, 0xb6, 0x07, 0x35, 0x7e, 0xe6, 0x03, 0xf6, 0x80, 0x77, 0xc9, 0x21, 0x0e, 0xc0,
  0xcb, 0x7e, 0xc8, 0xcb, 0xbe, 0x11, 0x12, 0x7a, 0x7e, 0xc6, 0x31, 0xc3, 0x10, 0x00, 0x00, 0x00,
  0x00, 0x03, 0x01, 0x01, 0x00, 0x06, 0xc7, 0x79, 0x11, 0xf4, 0x07, 0x0c, 0x7a, 0x05, 0x05, 0x08,
  0x48, 0x7a, 0x08, 0x0a, 0x08, 0x83, 0x7a, 0x19, 0x12, 0x08, 0xc1, 0x7a, 0x1d, 0x2b, 0x08, 0x5d,
  0x79, 0x02, 0x48, 0x08, 0x50, 0x55, 0x53, 0x48, 0x21, 0x53, 0x54, 0x41, 0x52, 0x54, 0x21, 0x42,
  0x55, 0x54, 0x54, 0x4f, 0x4e, 0x4c, 0x45, 0x56, 0x45, 0x4c, 0x48, 0x49, 0x70, 0x53, 0x43, 0x4f,
  0x52, 0x45, 0x4f, 0x52, 0x49, 0x47, 0x49, 0x4e, 0x41, 0x4c, 0x21, 0x47, 0x41, 0x4d, 0x45, 0x21,
  0x5b, 0x21, 0x5c, 0x5d, 0x5e, 0x5f, 0x21, 0x31, 0x39, 0x38, 0x35, 0x52, 0x45, 0x50, 0x52, 0x4f,
  0x47, 0x52, 0x41, 0x4d, 0x4d, 0x45, 0x44, 0x21, 0x47, 0x41, 0x4d, 0x45, 0x21, 0x5b, 0x21, 0x5c,
  0x5d, 0x5e, 0x5f, 0x21, 0x31, 0x39, 0x38, 0x35, 0x67, 0x68, 0x00, 0x00, 0x00, 0x00, 0x01, 0x02,
  0x05, 0x0a, 0x00, 0x00, 0x40, 0xa0, 0x50, 0xa8, 0x54, 0xac, 0x00, 0x00, 0x00, 0x00, 0x00, 0x00,
  0x04, 0x0a, 0x0d, 0x0e, 0x0f, 0x0f, 0x0f, 0x0f, 0x0f, 0x0f, 0x54, 0xa4, 0x44, 0x84, 0x84, 0x84,
  0x84, 0x84, 0x15, 0x2a, 0x55, 0xaa, 0x55, 0xaa, 0x54, 0xa8, 0x54, 0xa4, 0x44, 0x84, 0x04, 0x04,
  0x04, 0x04, 0x00, 0x00, 0x00, 0x00, 0x00, 0x02, 0x05, 0x0a, 0x0d, 0x0e, 0x0f, 0x0f, 0x0f, 0x0f,
  0x0f, 0x8f, 0x54, 0xa4, 0x44, 0x84, 0x04, 0x04, 0x04, 0x08, 0x15, 0x2a, 0x55, 0xaa, 0xd5, 0xea,
  0xf4, 0xf8, 0x0f, 0x8f, 0x4f, 0xcf, 0x4f, 0x4f, 0x57, 0x6b, 0x84, 0x84, 0x84, 0x84, 0x84, 0x84,
  0x84, 0x84, 0x50, 0xa0, 0x40, 0x80, 0x01, 0x03, 0x07, 0x0f, 0x04, 0x04, 0x04, 0x84, 0x84, 0x84,
  0x84, 0x84, 0x4f, 0xaf, 0x4f, 0x8f, 0x07, 0x07, 0x07, 0x03, 0x50, 0xa0, 0x40, 0x80, 0x01, 0x03,
  0x06, 0x0d, 0x10, 0x20, 0x40, 0xc0, 0xa0, 0x50, 0xa8, 0x54, 0x50, 0xa0, 0x40, 0x80, 0x00, 0x02,
  0x06, 0x0e, 0x10, 0x10, 0x10, 0x10, 0x10, 0x10, 0x10, 0x10, 0xf8, 0xf8, 0xf8, 0xf8, 0xf8, 0xf8,
  0xf8, 0xf8, 0x55, 0x6a, 0x55, 0x6a, 0x54, 0x68, 0x50, 0x60, 0x84, 0x84, 0x04, 0x04, 0x04, 0x04,
  0x04, 0x04, 0x17, 0x2b, 0x15, 0x2a, 0x15, 0x2a, 0x14, 0x28, 0x84, 0x84, 0x84, 0x84, 0x04, 0x04,
  0x04, 0x04, 0x03, 0x03, 0x01, 0x01, 0x01, 0x00, 0x00, 0x00, 0x1a, 0x35, 0x2a, 0x15, 0x2a, 0x15,
  0x2a, 0x14, 0xac, 0x54, 0xa4, 0x44, 0x84, 0x04, 0x04, 0x04, 0x1f, 0x2f, 0x2f, 0x2f, 0x2f, 0x2f,
  0x2f, 0x2f, 0xf8, 0xf8, 0xf8, 0x78, 0x38, 0x3a, 0x3e, 0x3e, 0x1e, 0x1e, 0x1e, 0x1e, 0x1e, 0x1e,
  0x1e, 0x1e, 0x40, 0x00, 0x01, 0x03, 0x07, 0x0f, 0x1f, 0x2f, 0x04, 0x84, 0x84, 0x84, 0x84, 0x84,
  0x84, 0x84, 0x10, 0x20, 0x00, 0x00, 0x01, 0x03, 0x07, 0x0f, 0x00, 0x00, 0x00, 0x00, 0x00, 0x00,
  0x00, 0x60, 0x04, 0x04, 0x04, 0x04, 0x04, 0x04, 0x04, 0x04, 0x28, 0x30, 0x30, 0x30, 0x30, 0x30,
  0x31, 0x33, 0x04, 0x04, 0x04, 0x04, 0x04, 0x84, 0x84, 0x84, 0x2f, 0x2f, 0x2f, 0x2f, 0x2f, 0x2f,
  0x2f, 0x2f, 0x3e, 0x3e, 0x3e, 0x3e, 0x3e, 0x3e, 0x3e, 0x3e, 0x10, 0x10, 0x10, 0x10, 0x10, 0x10,
  0x10, 0x18, 0x4f, 0x4f, 0x4f, 0x4f, 0x4f, 0x4f, 0x4f, 0x4f, 0x1f, 0x2f, 0x4f, 0x4f, 0x4f, 0x4f,
  0x4f, 0x4f, 0x60, 0x60, 0x70, 0x70, 0x70, 0x78, 0x78, 0x78, 0x17, 0x17, 0x2b, 0x15, 0x2a, 0x15,
  0x2a, 0x14, 0x84, 0x84, 0x84, 0x84, 0x84, 0x04, 0x04, 0x04, 0xf8, 0xf8, 0xf8, 0x78, 0x39, 0x1a,
  0x0c, 0x00, 0x10, 0x20, 0x40, 0x80, 0x00, 0x00, 0x00, 0x00, 0x2f, 0x17, 0x2b, 0x15, 0x2a, 0x15,
  0x2a, 0x14, 0x1e, 0x1e, 0x1e, 0x1e, 0x1e, 0x16, 0x1a, 0x14, 0x1c, 0x14, 0x04, 0x04, 0x04, 0x04,
  0x04, 0x04, 0x47, 0x43, 0x41, 0x40, 0x40, 0x40, 0x40, 0x40, 0x88, 0x90, 0xa0, 0xc0, 0x00, 0x00,
  0x00, 0x00, 0x7c, 0x7c, 0x5c, 0x4e, 0x46, 0x43, 0x40, 0x40, 0x08, 0x10, 0x20, 0x40, 0x80, 0x00,
  0x00, 0x00, 0x28, 0x10, 0x20, 0x00, 0x00, 0x01, 0x02, 0x04, 0x3e, 0x3e, 0x3e, 0x5e, 0xae, 0xd6,
  0xea, 0xf4, 0x18, 0x10, 0x00, 0x00, 0x00, 0x01, 0x02, 0x04, 0xf8, 0xf8, 0xf8, 0xf8, 0x78, 0x39,
  0x1a, 0x0c, 0x40, 0x40, 0x40, 0x40, 0x80, 0x00, 0x00, 0x00, 0x21, 0x90, 0x91, 0x21, 0x90, 0x91,
  0x21, 0x90, 0x91, 0x21, 0x90, 0x91, 0x21, 0x21, 0x21, 0x90, 0x91, 0x21, 0x90, 0x91, 0x21, 0x21,
  0x21, 0x90, 0x91, 0x92, 0x93, 0x94, 0x90, 0x95, 0x96, 0x97, 0x98, 0x94, 0x90, 0x95, 0x99, 0x21,
  0x21, 0x90, 0x95, 0x96, 0x97, 0x98, 0x94, 0x21, 0x21, 0x90, 0x95, 0x99, 0x9a, 0x9b, 0x9c, 0x9a,
  0x9d, 0x9e, 0x9a, 0x9f, 0x9c, 0x9a, 0xa0, 0xa1, 0x21, 0x21, 0x9a, 0x9d, 0x9e, 0x9a, 0x9f, 0x9c,
  0x21, 0x21, 0x9a, 0xa2, 0xa3, 0xa4, 0xa5, 0xa6, 0xa4, 0xa7, 0xa8, 0xa4, 0xa9, 0x9c, 0xa4, 0xaa,
  0xab, 0x90, 0x91, 0xa4, 0xac, 0x9c, 0xa4, 0xa9, 0x9c, 0x21, 0x21, 0xad, 0xae, 0xa3, 0xa4, 0xaf,
  0xb0, 0xa4, 0xb1, 0x9e, 0xa4, 0xb2, 0xb3, 0xa4, 0xb4, 0xb5, 0x9a, 0x99, 0xa4, 0xb6, 0x9c, 0xa4,
  0xb2, 0xb3, 0x21, 0x21, 0xb7, 0xae, 0xb8, 0xa4, 0xb9, 0x9c, 0xa4, 0xba, 0x9c, 0xa4, 0xbb, 0xb3,
  0xa4, 0xbc, 0xbd, 0xbe, 0xbf, 0xa4, 0xc0, 0xbd, 0xa4, 0xbb, 0xb3, 0x21, 0x21, 0xb7, 0xc1, 0xc2,
  0xa4, 0xc3, 0xc4, 0xa4, 0xc3, 0xc4, 0xa4, 0xc5, 0xc6, 0xa4, 0xc7, 0xc6, 0x21, 0x21, 0xa4, 0xc7,
  0xc6, 0xa4, 0xc5, 0xc6, 0x21, 0x21, 0xc8, 0xc9, 0xc6, 0xca, 0xcb, 0x21, 0xca, 0xcb, 0x21, 0xca,
  0xcb, 0x21, 0xca, 0xc6, 0x21, 0x21, 0x21, 0xca, 0xc6, 0x21, 0xca, 0xcb, 0x21, 0x21, 0x21, 0xca,
  0xc6, 0x21, 0xd9, 0xcb, 0x7e, 0xca, 0x0c, 0x0b, 0x3a, 0x04, 0xc0, 0xb7, 0xc0, 0x3e, 0x01, 0xcd,
  0xdc, 0x01, 0xcd, 0x51, 0x1e, 0xcd, 0xe0, 0x18, 0xcd, 0x9f, 0x2d, 0xc9, 0xcb, 0xfe, 0xcd, 0xaa,
  0x02, 0xcd, 0xf1, 0x01, 0xf3, 0x2e, 0x21, 0xcd, 0xff, 0x01, 0x3e, 0x1e, 0x32, 0x20, 0xc2, 0x21,
  0x00, 0x54, 0x22, 0x48, 0xc0, 0x21, 0x3c, 0x3c, 0x22, 0x4b, 0xc0, 0x21, 0x00, 0x04, 0x22, 0x5a,
  0xc0, 0xcd, 0xf9, 0x0b, 0x01, 0x20, 0x06, 0x21, 0x2e, 0xc2, 0x11, 0xaa, 0x0b, 0x1a, 0x77, 0x13,
  0x78, 0x06, 0x00, 0x09, 0x47, 0x10, 0xf6, 0x2e, 0x00, 0x11, 0x00, 0x79, 0x01, 0xc0, 0x00, 0xcf,
  0xef, 0x11, 0x00, 0x48, 0x21, 0x2d, 0x72, 0x01, 0x60, 0x04, 0xcf, 0xe7, 0x11, 0x00, 0x68, 0x21,
  0x8d, 0x76, 0x01, 0x60, 0x04, 0xcf, 0xe7, 0x21, 0x83, 0x59, 0x11, 0x00, 0x58, 0x01, 0xc0, 0x06,
  0xcf, 0xe7, 0xcd, 0x85, 0x3f, 0x21, 0x0e, 0x0c, 0x22, 0x27, 0xc0, 0xcd, 0xf4, 0x1b, 0x11, 0x00,
  0x4e, 0x01, 0x00, 0x0a, 0x2e, 0x00, 0xcf, 0xef, 0xcd, 0x00, 0x1c, 0xcd, 0xde, 0x1b, 0xcd, 0x04,
  0x31, 0xcd, 0x75, 0x42, 0x21, 0xb0, 0x0b, 0xcd, 0xb2, 0x16, 0xcd, 0x84, 0x2f, 0x11, 0x1c, 0x78,
  0x3a, 0x29, 0xc0, 0xc6, 0x31, 0xd7, 0xfb, 0xc3, 0xb1, 0x02, 0x00, 0x20, 0x34, 0x48, 0x5c, 0x6c,
  0x05, 0x01, 0x78, 0x05, 0xca, 0x0b, 0x0c, 0x78, 0x08, 0xcf, 0x0b, 0x15, 0x78, 0x06, 0xd7, 0x0b,
  0x21, 0x78, 0x05, 0xdd, 0x0b, 0x27, 0x78, 0x17, 0xe2, 0x0b, 0x53, 0x43, 0x4f, 0x52, 0x45, 0x30,
  0x2c, 0x7a, 0x72, 0x2e, 0x3a, 0x63, 0x64, 0x43, 0x4f, 0x55, 0x52, 0x53, 0x45, 0x53, 0x50, 0x45,
  0x45, 0x44, 0x30, 0x30, 0x30, 0x60, 0x61, 0x62, 0x2d, 0x73, 0x73, 0x2f, 0x3b, 0x65, 0x66, 0x21,
  0x4c, 0x45, 0x46, 0x54, 0x21, 0x34, 0x6f, 0x30, 0x30, 0xdd, 0x21, 0x20, 0xc2, 0x06, 0x06, 0xdd,
  0x7e, 0x00, 0xe6, 0x7f, 0x28, 0x08, 0xc5, 0x21, 0x14, 0x0c, 0xcd, 0x38, 0x06, 0xc1, 0x11, 0x20,
  0x00, 0xdd, 0x19, 0x10, 0xea, 0xc9, 0x95, 0x35, 0xaa, 0x36, 0x04, 0x37, 0x5b, 0x37, 0xb0, 0x37,
  0x08, 0x38, 0x5d, 0x38, 0xb4, 0x38, 0x63, 0x43, 0x63, 0x43, 0x63, 0x43, 0x63, 0x43, 0x63, 0x43,
  0x63, 0x43, 0x63, 0x43, 0x63, 0x43, 0x64, 0x43, 0xb6, 0x43, 0x0a, 0x44, 0x5d, 0x44, 0xb0, 0x44,
  0x05, 0x45, 0x5a, 0x45, 0xad, 0x45, 0x63, 0x43, 0x63, 0x43, 0x63, 0x43, 0x63, 0x43, 0x63, 0x43,
  0x54, 0x0c, 0x61, 0x0d, 0xdd, 0xcb, 0x00, 0x7e, 0x20, 0x2f, 0x3a, 0x3d, 0xc0, 0xb7, 0xc2, 0x03,
  0x13, 0x21, 0xe3, 0x5d, 0x11, 0x60, 0x5c, 0x01, 0x00, 0x01, 0xcf, 0xe7, 0x21, 0xf5, 0x13, 0x11,
  0x33, 0xc2, 0x01, 0x06, 0x00, 0xed, 0xb0, 0xdd, 0x36, 0x0b, 0x98, 0xdd, 0x36, 0x09, 0x78, 0xdd,
  0x36, 0x04, 0x03, 0x21, 0xd3, 0x0c, 0xc3, 0x42, 0x06, 0xcd, 0x31, 0x0e, 0x2a, 0x46, 0xc0, 0x29,
  0x29, 0x22, 0x2b, 0xc0, 0x3a, 0x33, 0xc2, 0xd6, 0x1e, 0x32, 0x2b, 0xc2, 0x06, 0x04, 0x2a, 0x43,
  0xc0, 0xcb, 0x7c, 0x28, 0x08, 0xeb, 0xaf, 0x6f, 0x67, 0xed, 0x52, 0x06, 0x08, 0xcb, 0x50, 0x3a,
  0x29, 0xc2, 0x28, 0x06, 0xfe, 0x18, 0x30, 0x08, 0x18, 0x04, 0xfe, 0xe0, 0x38, 0x02, 0xaf, 0x47,
  0x78, 0x32, 0x21, 0xc0, 0x22, 0x22, 0xc0, 0x21, 0x00, 0x00, 0x22, 0x43, 0xc0, 0xcd, 0x5a, 0x06,
  0xc3, 0x03, 0x05, 0x05, 0x01, 0x00, 0x10, 0x00, 0x10, 0x17, 0xf4, 0xf4, 0xf4, 0xf5, 0xff, 0x0c,
  0x09, 0x10, 0x09, 0x4c, 0x01, 0x50, 0x01, 0x54, 0x01, 0x00, 0x10, 0x00, 0x10, 0x17, 0xf4, 0xf4,
  0xf4, 0xf5, 0xff, 0x0c, 0x09, 0x10, 0x09, 0x4c, 0x01, 0x50, 0x01, 0x54, 0x01, 0xfb, 0x0b, 0x04,
  0x10, 0xfb, 0xf6, 0xf6, 0xf6, 0xf8, 0xf6, 0x8c, 0x09, 0x90, 0x09, 0x94, 0x01, 0x98, 0x01, 0x8c,
  0x09, 0x00, 0x10, 0x00, 0x10, 0x30, 0x01, 0x01, 0x01, 0x01, 0x01, 0x04, 0x09, 0x08, 0x09, 0x44,
  0x01, 0x48, 0x01, 0x00, 0x00, 0xfb, 0x0b, 0x04, 0x10, 0xfb, 0x0a, 0x0a, 0x0a, 0x08, 0x0a, 0x9c,
  0x09, 0xa0, 0x09, 0xa4, 0x01, 0xa8, 0x01, 0x9c, 0x09, 0x00, 0x10, 0x00, 0x10, 0x17, 0x0e, 0x0c,
  0x0e, 0x0c, 0x01, 0x14, 0x09, 0x18, 0x09, 0x58, 0x01, 0x5c, 0x01, 0x60, 0x01, 0x00, 0x10, 0x00,
  0x10, 0x17, 0x0e, 0x0c, 0x0e, 0x0c, 0x01, 0x14, 0x09, 0x18, 0x09, 0x58, 0x01, 0x5c, 0x01, 0x60,
  0x01, 0xdd, 0xcb, 0x00, 0x7e, 0x20, 0x4d, 0x21, 0x2a, 0x4d, 0x22, 0x01, 0xc3, 0xdd, 0x36, 0x04,
  0x00, 0xdd, 0x36, 0x06, 0x12, 0xdd, 0x36, 0x07, 0x12, 0x21, 0x00, 0xc1, 0x11, 0x01, 0xc1, 0x01,
  0x1f, 0x00, 0x36, 0xe0, 0xed, 0xb0, 0x21, 0x23, 0x67, 0x11, 0x60, 0x5c, 0x01, 0x00, 0x01, 0x3a,
  0x3f, 0xc2, 0xb7, 0x28, 0x06, 0x0f, 0x38, 0x03, 0x21, 0xe3, 0x67, 0xcf, 0xe7, 0x21, 0xf3, 0x0d,
  0x3a, 0x3f, 0xc2, 0xb7, 0xca, 0x42, 0x06, 0x21, 0xfd, 0x0d, 0x0f, 0xda, 0x42, 0x06, 0x21, 0x0f,
  0x0e, 0xc3, 0x42, 0x06, 0x2a, 0x46, 0xc0, 0x11, 0xf8, 0xff, 0x19, 0x38, 0x0b, 0x21, 0x00, 0x00,
  0x22, 0x3a, 0xc2, 0x3e, 0xff, 0x32, 0x3c, 0xc2, 0x22, 0x46, 0xc0, 0x29, 0x29, 0x22, 0x2b, 0xc0,
  0x3a, 0x3f, 0xc2, 0x0f, 0x30, 0x00, 0xcd, 0xc1, 0x06, 0xc0, 0x21, 0x3f, 0xc2, 0x34, 0x7e, 0xfe,
  0x05, 0xda, 0x79, 0x0d, 0xaf, 0x77, 0xcd, 0x4c, 0x05, 0xdd, 0x36, 0x00, 0x1e, 0xc9, 0x01, 0x02,
  0x01, 0x02, 0x00, 0x02, 0x01, 0x10, 0x10, 0x00, 0x00, 0x8c, 0x0b, 0x90, 0x0f, 0x04, 0x01, 0x10,
  0x00, 0x10, 0x10, 0x02, 0x00, 0x00, 0x10, 0x94, 0x0b, 0x98, 0x09, 0x9c, 0x09, 0xa0, 0x09, 0x08,
  0x01, 0x01, 0x01, 0x0f, 0x11, 0x00, 0x00, 0x10, 0x10, 0x04, 0x14, 0x04, 0x14, 0x00, 0x10, 0x00,
  0x10, 0x8c, 0x0b, 0x90, 0x0b, 0x94, 0x0b, 0x98, 0x0b, 0x9c, 0x09, 0xa0, 0x09, 0xa4, 0x09, 0xa8,
  0x09, 0x3a, 0x02, 0xc0, 0x32, 0x41, 0xc0, 0x3a, 0x13, 0xc0, 0xe6, 0x7f, 0xfe, 0x04, 0xca, 0x36,
  0x13, 0xfe, 0x05, 0xc8, 0x3a, 0x4c, 0xc0, 0xb7, 0x20, 0x07, 0x21, 0x41, 0xc0, 0xcb, 0xae, 0xcb,
  0xe6, 0x3a, 0x3d, 0xc2, 0xb7, 0x28, 0x09, 0xdd, 0x36, 0x1d, 0x00, 0x3e, 0xff, 0x32, 0x3c, 0xc2,
  0x3a, 0x2f, 0xc2, 0xd6, 0x01, 0x38, 0x12, 0x28, 0x08, 0x11, 0xfb, 0x13, 0x01, 0xd3, 0xfe, 0x18,
  0x0e, 0x11, 0x55, 0x14, 0x01, 0x32, 0xff, 0x18, 0x06, 0x11, 0xaf, 0x14, 0x01, 0x8c, 0xff, 0x2a,
  0x46, 0xc0, 0x09, 0x01, 0x00, 0xff, 0x38, 0x22, 0x3a, 0x41, 0xc0, 0xcb, 0x6f, 0x01, 0xb4, 0xff,
  0x28, 0x18, 0x2a, 0x46, 0xc0, 0x19, 0x5e, 0x16, 0x00, 0x2a, 0x45, 0xc0, 0x19, 0x22, 0x45, 0xc0,
  0x3a, 0x47, 0xc0, 0xce, 0x00, 0x32, 0x47, 0xc0, 0x18, 0x1f, 0x2a, 0x45, 0xc0, 0x09, 0x22, 0x45,
  0xc0, 0x3a, 0x47, 0xc0, 0xce, 0xff, 0x32, 0x47, 0xc0, 0x38, 0x0e, 0x21, 0x00, 0x00, 0x22, 0x46,
  0xc0, 0x22, 0x45, 0xc0, 0x22, 0x3a, 0xc2, 0x18, 0x49, 0x3a, 0x41, 0xc0, 0xcb, 0x67, 0x28, 0x14,
  0x11, 0x34, 0xff, 0x2a, 0x45, 0xc0, 0x19, 0x22, 0x45, 0xc0, 0x3a, 0x47, 0xc0, 0xce, 0xff, 0x32,
  0x47, 0xc0, 0x30, 0xd7, 0x2a, 0x46, 0xc0, 0xcb, 0x3c, 0xcb, 0x1d, 0x3a, 0x2f, 0xc2, 0xd6, 0x01,
  0x38, 0x07, 0x28, 0x0c, 0x11, 0x12, 0x16, 0x18, 0x14, 0x06, 0x60, 0x11, 0x27, 0x15, 0x18, 0x05,
  0x06, 0x8e, 0x11, 0x86, 0x15, 0x7d, 0xb8, 0x38, 0x04, 0x3e, 0x3f, 0x18, 0x02, 0x19, 0x7e, 0x32,
  0x3b, 0xc2, 0x3a, 0x41, 0xc0, 0xe6, 0x03, 0x28, 0x24, 0x47, 0x3a, 0x42, 0xc0, 0xe6, 0x03, 0xb8,
  0x28, 0x1b, 0x05, 0x20, 0x09, 0x3a, 0x2f, 0xc2, 0xb7, 0x28, 0x12, 0x3d, 0x18, 0x08, 0x3a, 0x2f,
  0xc2, 0xfe, 0x02, 0x28, 0x08, 0x3c, 0x32, 0x2f, 0xc2, 0xdd, 0x36, 0x1d, 0xff, 0x2a, 0x36, 0xc0,
  0x54, 0x5d, 0xcb, 0x7c, 0x20, 0x22, 0x01, 0x40, 0xfe, 0x09, 0x06, 0x06, 0xda, 0x85, 0x0f, 0x62,
  0x6b, 0x01, 0x00, 0xff, 0x09, 0x06, 0x05, 0xda, 0x85, 0x0f, 0xeb, 0x01, 0xc0, 0xff, 0x09, 0x06,
  0x04, 0xda, 0x85, 0x0f, 0x06, 0x00, 0x18, 0x1d, 0x01, 0xc0, 0x01, 0x09, 0x06, 0x01, 0x30, 0x15,
  0x62, 0x6b, 0x01, 0x00, 0x01, 0x09, 0x06, 0x02, 0x30, 0x0b, 0xeb, 0x01, 0x40, 0x00, 0x09, 0x06,
  0x03, 0x30, 0x02, 0x06, 0x00, 0xdd, 0x70, 0x11, 0x3a, 0x40, 0xc0, 0xb7, 0xc2, 0x5a, 0x13, 0x3a,
  0x41, 0xc0, 0xcb, 0x57, 0xc2, 0xd0, 0x11, 0xcb, 0x5f, 0xc2, 0x65, 0x12, 0x21, 0x00, 0x00, 0x22,
  0x43, 0xc0, 0x06, 0x00, 0x3a, 0x31, 0xc2, 0xb7, 0x28, 0x1c, 0xfe, 0x03, 0x28, 0x18, 0xfe, 0x04,
  0x28, 0x14, 0x38, 0x0a, 0x3a, 0x24, 0xc2, 0xcb, 0x57, 0x28, 0x0b, 0x05, 0x18, 0x08, 0x3a, 0x24,
  0xc2, 0xfe, 0x03, 0x30, 0x01, 0x05, 0x78, 0x32, 0x39, 0xc2, 0x2a, 0x46, 0xc0, 0x11, 0xf6, 0xff,
  0x19, 0x30, 0x29, 0x3a, 0x31, 0xc2, 0xb7, 0x28, 0x23, 0xfe, 0x03, 0x28, 0x1f, 0xfe, 0x04, 0x28,
  0x1b, 0x3a, 0x32, 0xc2, 0x30, 0x06, 0xfe, 0x02, 0x28, 0x12, 0x18, 0x03, 0x3d, 0x28, 0x0d, 0x3a,
  0x24, 0xc2, 0xcb, 0x47, 0x20, 0x37, 0xdd, 0x36, 0x10, 0x00, 0x18, 0x31, 0x3a, 0x41, 0xc0, 0xe6,
  0x0c, 0x20, 0x0f, 0x3a, 0x35, 0xc2, 0x3c, 0x32, 0x35, 0xc2, 0xfe, 0x07, 0x38, 0x1f, 0xaf, 0x32,
  0x35, 0xc2, 0x3a, 0x24, 0xc2, 0xfe, 0x03, 0x3c, 0x38, 0x10, 0xfe, 0x05, 0x3d, 0x3d, 0x30, 0x0a,
  0xdd, 0x36, 0x12, 0x00, 0xdd, 0x36, 0x10, 0x00, 0x3e, 0x03, 0x32, 0x24, 0xc2, 0x3a, 0x31, 0xc2,
  0xfe, 0x04, 0x38, 0x58, 0xca, 0xbe, 0x10, 0x2a, 0x46, 0xc0, 0xeb, 0xfe, 0x06, 0x20, 0x0d, 0x6b,
  0x62, 0x29, 0x19, 0xcb, 0x3c, 0xcb, 0x1d, 0xcb, 0x3c, 0xcb, 0x1d, 0xeb, 0x3a, 0x39, 0xc2, 0xb7,
  0x28, 0x04, 0xcb, 0x3a, 0xcb, 0x1b, 0x2a, 0x43, 0xc0, 0x19, 0x22, 0x43, 0xc0, 0x3a, 0x31, 0xc0,
  0xfe, 0x40, 0xda, 0xbe, 0x10, 0xfe, 0x52, 0xd2, 0xbe, 0x10, 0x3a, 0x72, 0xc0, 0xb7, 0xca, 0xbe,
  0x10, 0x3a, 0x40, 0xc0, 0xb7, 0xca, 0xbe, 0x10, 0x3a, 0x35, 0xc0, 0xfe, 0x30, 0xd2, 0xbe, 0x10,
  0x7d, 0x2f, 0x6f, 0x7c, 0x2f, 0x67, 0x23, 0x22, 0x43, 0xc0, 0x18, 0x32, 0xb7, 0x28, 0x2f, 0xfe,
  0x03, 0x28, 0x2b, 0x2a, 0x46, 0xc0, 0x3d, 0x20, 0x0c, 0x5d, 0x54, 0x29, 0x19, 0xcb, 0x3c, 0xcb,
  0x1d, 0xcb, 0x3c, 0xcb, 0x1d, 0x3a, 0x39, 0xc2, 0xb7, 0x28, 0x04, 0xcb, 0x3c, 0xcb, 0x1d, 0x7d,
  0x2f, 0x6f, 0x7c, 0x2f, 0x67, 0x23, 0xeb, 0x2a, 0x43, 0xc0, 0x19, 0x22, 0x43, 0xc0, 0x2a, 0x43,
  0xc0, 0xeb, 0x2a, 0x48, 0xc0, 0x19, 0x7c, 0xfe, 0xc0, 0x30, 0x09, 0xfe, 0xa9, 0x38, 0x08, 0x21,
  0x00, 0xa8, 0x18, 0x03, 0x21, 0x00, 0x00, 0x22, 0x48, 0xc0, 0xdd, 0x36, 0x13, 0xb6, 0x3a, 0x49,
  0xc0, 0xfe, 0x09, 0x38, 0x04, 0xfe, 0x9a, 0x38, 0x6e, 0x11, 0xb4, 0xff, 0x3a, 0x2f, 0xc2, 0xb7,
  0x28, 0x0b, 0xcb, 0x23, 0xcb, 0x12, 0x3d, 0x28, 0x04, 0xcb, 0x23, 0xcb, 0x12, 0x2a, 0x45, 0xc0,
  0x19, 0x22, 0x45, 0xc0, 0x3a, 0x47, 0xc0, 0xce, 0xff, 0x32, 0x47, 0xc0, 0x38, 0x0e, 0x21, 0x00,
  0x00, 0x22, 0x45, 0xc0, 0x22, 0x46, 0xc0, 0x22, 0x3a, 0xc2, 0x18, 0x3b, 0x3a, 0x3e, 0xc0, 0xb7,
  0x20, 0x0f, 0x3a, 0x33, 0xc2, 0xd6, 0x02, 0x32, 0x33, 0xc2, 0x21, 0xd0, 0x4c, 0x22, 0x01, 0xc3,
  0xaf, 0x47, 0x16, 0x07, 0x2a, 0x46, 0xc0, 0x7c, 0xb7, 0x20, 0x13, 0x7d, 0xfe, 0x3c, 0x30, 0x0e,
  0x16, 0x0a, 0xfe, 0x1e, 0x30, 0x08, 0x16, 0x0f, 0xfe, 0x0d, 0x30, 0x02, 0x16, 0x17, 0x78, 0x3c,
  0xba, 0x38, 0x01, 0xaf, 0x32, 0x3e, 0xc0, 0x3a, 0x40, 0xc0, 0xb7, 0x20, 0x4c, 0x3a, 0x31, 0xc2,
  0xb7, 0xca, 0xa9, 0x11, 0xfe, 0x03, 0xca, 0xa9, 0x11, 0xfe, 0x04, 0xca, 0xa9, 0x11, 0x11, 0xe3,
  0xfe, 0xfe, 0x02, 0x28, 0x07, 0xfe, 0x05, 0x28, 0x03, 0x11, 0x08, 0xff, 0x2a, 0x46, 0xc0, 0x19,
  0xd2, 0xa9, 0x11, 0xfe, 0x04, 0x3a, 0x41, 0xc0, 0xdd, 0x46, 0x12, 0x38, 0x0f, 0xcb, 0x5f, 0xca,
  0xa9, 0x11, 0x78, 0xfe, 0x02, 0x20, 0x12, 0x32, 0x40, 0xc0, 0x18, 0x0d, 0xcb, 0x57, 0xca, 0xa9,
  0x11, 0x78, 0xfe, 0x01, 0x20, 0x03, 0x32, 0x40, 0xc0, 0x3a, 0x24, 0xc2, 0x87, 0x4f, 0x06, 0x00,
  0x21, 0xe7, 0x13, 0x09, 0x3a, 0x29, 0xc2, 0x86, 0x32, 0x3b, 0xc0, 0x23, 0x86, 0x32, 0x3c, 0xc0,
  0x3a, 0x41, 0xc0, 0x32, 0x42, 0xc0, 0x3a, 0x3d, 0xc0, 0xb7, 0xc8, 0xdd, 0x36, 0x00, 0x1f, 0xc9,
  0xaf, 0x32, 0x35, 0xc2, 0x3a, 0x32, 0xc2, 0xb7, 0x28, 0x0d, 0x3d, 0x28, 0x0a, 0x3a, 0x31, 0xc2,
  0xfe, 0x05, 0x30, 0x1a, 0xc3, 0xfc, 0x0f, 0xdd, 0x36, 0x12, 0x01, 0x06, 0x02, 0x3a, 0x30, 0xc2,
  0x3c, 0xfe, 0x19, 0x38, 0x02, 0x3d, 0x05, 0x32, 0x30, 0xc2, 0x78, 0x32, 0x24, 0xc2, 0xaf, 0x32,
  0x3a, 0xc2, 0x3a, 0x31, 0xc2, 0x11, 0x00, 0x02, 0xb7, 0x28, 0x24, 0xfe, 0x04, 0x30, 0x08, 0x15,
  0x3d, 0x28, 0x1c, 0x1e, 0x80, 0x18, 0x18, 0x3e, 0xff, 0x32, 0x3a, 0xc2, 0x3a, 0x24, 0xc2, 0x14,
  0xfe, 0x03, 0x38, 0x0b, 0x3a, 0x31, 0xc2, 0x15, 0xfe, 0x06, 0x28, 0x03, 0x11, 0x80, 0x01, 0x2a,
  0x46, 0xc0, 0x7c, 0xb7, 0x20, 0x21, 0x7d, 0xb7, 0xca, 0xda, 0x10, 0xfe, 0x46, 0x30, 0x18, 0xcb,
  0x3a, 0xcb, 0x1b, 0xfe, 0x28, 0x30, 0x10, 0xcb, 0x3a, 0xcb, 0x1b, 0xfe, 0x14, 0x30, 0x08, 0xcb,
  0x3b, 0xfe, 0x0a, 0x30, 0x02, 0xcb, 0x3b, 0xeb, 0x22, 0x43, 0xc0, 0x3a, 0x3a, 0xc2, 0xb7, 0xca,
  0xbe, 0x10, 0xc3, 0x2d, 0x10, 0xaf, 0x32, 0x35, 0xc2, 0x3a, 0x32, 0xc2, 0xb7, 0x28, 0x0f, 0x3d,
  0x20, 0x0c, 0x3a, 0x31, 0xc2, 0x3d, 0x28, 0x1d, 0x3d, 0x28, 0x1a, 0xc3, 0xfc, 0x0f, 0xdd, 0x36,
  0x12, 0x02, 0x06, 0x04, 0x3a, 0x30, 0xc2, 0x3c, 0xfe, 0x19, 0x38, 0x02, 0x3d, 0x04, 0x32, 0x30,
  0xc2, 0x78, 0x32, 0x24, 0xc2, 0xaf, 0x32, 0x3a, 0xc2, 0x3a, 0x31, 0xc2, 0x11, 0x00, 0x02, 0xb7,
  0x28, 0x24, 0xfe, 0x03, 0x38, 0x09, 0x15, 0xfe, 0x06, 0x28, 0x1b, 0x1e, 0x80, 0x18, 0x17, 0x3e,
  0xff, 0x32, 0x3a, 0xc2, 0x3a, 0x24, 0xc2, 0x14, 0xfe, 0x03, 0x30, 0x0a, 0x3a, 0x31, 0xc2, 0x15,
  0x3d, 0x28, 0x03, 0x11, 0x80, 0x01, 0x2a, 0x46, 0xc0, 0x7c, 0xb7, 0x20, 0x21, 0x7d, 0xb7, 0xca,
  0xda, 0x10, 0xfe, 0x46, 0x30, 0x18, 0xcb, 0x3a, 0xcb, 0x1b, 0xfe, 0x28, 0x30, 0x10, 0xcb, 0x3a,
  0xcb, 0x1b, 0xfe, 0x14, 0x30, 0x08, 0xcb, 0x3b, 0xfe, 0x0a, 0x30, 0x02, 0xcb, 0x3b, 0xeb, 0x7d,
  0x2f, 0x6f, 0x7c, 0x2f, 0x67, 0x23, 0x22, 0x43, 0xc0, 0x3a, 0x3a, 0xc2, 0xb7, 0xca, 0xbe, 0x10,
  0xc3, 0x2d, 0x10, 0x3a, 0x01, 0xc0, 0xcb, 0x5f, 0x28, 0x06, 0x3e, 0x01, 0x32, 0x0d, 0xc0, 0xc9,
  0x3a, 0x49, 0xc0, 0xfe, 0x54, 0x28, 0x09, 0x38, 0x02, 0xd6, 0x02, 0x3c, 0x32, 0x49, 0xc0, 0xc9,
  0xaf, 0x32, 0x3b, 0xc0, 0x32, 0x3c, 0xc0, 0x32, 0x3d, 0xc0, 0x32, 0x2f, 0xc2, 0x32, 0x36, 0xc0,
  0x3e, 0x81, 0x32, 0x00, 0xc3, 0xc9, 0xdd, 0x36, 0x04, 0x03, 0x3a, 0x29, 0xc2, 0xfe, 0x78, 0x28,
  0x09, 0x38, 0x02, 0xd6, 0x02, 0x3c, 0x32, 0x29, 0xc2, 0xc9, 0x2a, 0x46, 0xc0, 0x11, 0xfe, 0xff,
  0x19, 0x38, 0x03, 0x21, 0x00, 0x00, 0x22, 0x46, 0xc0, 0xc9, 0x21, 0x00, 0x00, 0x22, 0x43, 0xc0,
  0x2a, 0x45, 0xc0, 0x3a, 0x47, 0xc0, 0x11, 0xcd, 0xff, 0x19, 0x22, 0x45, 0xc0, 0xce, 0xff, 0x32,
  0x47, 0xc0, 0x38, 0x0c, 0x21, 0x00, 0x00, 0x22, 0x45, 0xc0, 0x22, 0x46, 0xc0, 0x22, 0x3a, 0xc2,
  0x01, 0xff, 0x01, 0x3a, 0x32, 0xc2, 0x3d, 0x28, 0x03, 0x01, 0x01, 0x05, 0xdd, 0x70, 0x04, 0x3a,
  0x3f, 0xc0, 0x57, 0xcb, 0x4f, 0x20, 0x13, 0x78, 0x81, 0x32, 0x24, 0xc2, 0x7a, 0xb7, 0x20, 0x0a,
  0x21, 0xde, 0x4c, 0x22, 0x01, 0xc3, 0xaf, 0x32, 0x39, 0xc2, 0x3c, 0xfe, 0x0f, 0x38, 0x32, 0x3a,
  0x31, 0xc2, 0xb7, 0x28, 0x1e, 0xfe, 0x03, 0x28, 0x1a, 0xfe, 0x04, 0x28, 0x16, 0x11, 0x08, 0xff,
  0xfe, 0x06, 0x28, 0x06, 0x3d, 0x28, 0x03, 0x11, 0xe3, 0xfe, 0x2a, 0x46, 0xc0, 0x19, 0x30, 0x03,
  0xaf, 0x18, 0x0e, 0xdd, 0x36, 0x10, 0x18, 0xaf, 0x32, 0x35, 0xc2, 0x32, 0x3a, 0xc2, 0x32, 0x40,
  0xc0, 0x32, 0x3f, 0xc0, 0xc3, 0x2d, 0x10, 0xf5, 0x0f, 0xf5, 0x0f, 0xf7, 0x0d, 0x01, 0x0d, 0x0c,
  0x0e, 0x0e, 0x0e, 0x0e, 0x0e, 0xb6, 0x57, 0x00, 0x00, 0x78, 0x00, 0x14, 0x14, 0x14, 0x14, 0x14,
  0x14, 0x14, 0x14, 0x14, 0x14, 0x14, 0x14, 0x14, 0x14, 0x14, 0x14, 0x14, 0x14, 0x14, 0x14, 0x14,
  0x14, 0x14, 0x14, 0x14, 0x14, 0x14, 0x14, 0x14, 0x14, 0x14, 0x14, 0x14, 0x14, 0x14, 0x14, 0x14,
  0x14, 0x14, 0x14, 0x14, 0x14, 0x14, 0x14, 0x14, 0x14, 0x14, 0x14, 0x14, 0x14, 0x14, 0x14, 0x14,
  0x14, 0x14, 0x14, 0x14, 0x14, 0x14, 0x14, 0x23, 0x23, 0x23, 0x23, 0x23, 0x23, 0x23, 0x23, 0x23,
  0x23, 0x23, 0x23, 0x23, 0x23, 0x23, 0x23, 0x23, 0x23, 0x23, 0x23, 0x23, 0x23, 0x23, 0x23, 0x23,
  0x23, 0x23, 0x23, 0x23, 0x23, 0x23, 0x23, 0x23, 0x23, 0x23, 0x23, 0x23, 0x23, 0x23, 0x23, 0x23,
  0x23, 0x23, 0x23, 0x23, 0x23, 0x23, 0x23, 0x23, 0x23, 0x42, 0x42, 0x42, 0x42, 0x42, 0x42, 0x42,
  0x42, 0x42, 0x42, 0x42, 0x42, 0x42, 0x42, 0x42, 0x42, 0x42, 0x42, 0x42, 0x42, 0x42, 0x42, 0x42,
  0x42, 0x42, 0x42, 0x42, 0x42, 0x42, 0x42, 0x42, 0x42, 0x42, 0x42, 0x42, 0x42, 0x42, 0x42, 0x42,
  0x42, 0x61, 0x61, 0x61, 0x61, 0x61, 0x61, 0x61, 0x61, 0x61, 0x61, 0x61, 0x61, 0x61, 0x61, 0x61,
  0x61, 0x61, 0x61, 0x61, 0x61, 0x61, 0x61, 0x61, 0x61, 0x61, 0x61, 0x61, 0x61, 0x61, 0x61, 0x80,
  0x80, 0x80, 0x80, 0x80, 0x80, 0x80, 0x80, 0x80, 0x80, 0x80, 0x80, 0x80, 0x80, 0x80, 0x80, 0x80,
  0x80, 0x80, 0x80, 0xb3, 0xb3, 0xb3, 0xb3, 0xb3, 0xb3, 0xb3, 0xb3, 0xb3, 0xb3, 0xb3, 0xb3, 0xb3,
  0xb3, 0xb3, 0xb3, 0xb3, 0xb3, 0xb3, 0xb3, 0xb3, 0xb3, 0xb3, 0xb3, 0xb3, 0xb3, 0xb3, 0xb3, 0xb3,
  0xb3, 0xb3, 0xb3, 0xb3, 0xb3, 0xb3, 0xb3, 0xb3, 0xb3, 0xb3, 0xb3, 0xb3, 0xb3, 0xb3, 0xb3, 0xb3,
  0xb3, 0xb3, 0xb3, 0xb3, 0xb3, 0xb3, 0xb3, 0xb3, 0xb3, 0xb3, 0xb3, 0xb3, 0xb3, 0xb3, 0xb3, 0xb3,
  0xb3, 0xb3, 0xb3, 0xb3, 0xb3, 0xb3, 0xb3, 0xb3, 0xb3, 0x80, 0x80, 0x80, 0x80, 0x80, 0x66, 0x66,
  0x66, 0x66, 0x66, 0x4c, 0x4c, 0x4c, 0x4c, 0x33, 0x33, 0x33, 0x33, 0x19, 0x19, 0x19, 0x19, 0x0c,
  0x0c, 0x06, 0x04, 0x02, 0x02, 0x01, 0x01, 0x01, 0x02, 0x03, 0x04, 0x04, 0x05, 0x06, 0x07, 0x08,
  0x08, 0x09, 0x0a, 0x0b, 0x0c, 0x0c, 0x0d, 0x0e, 0x0f, 0x0f, 0x10, 0x11, 0x12, 0x13, 0x14, 0x14,
  0x15, 0x16, 0x17, 0x18, 0x19, 0x19, 0x1a, 0x1b, 0x1c, 0x1d, 0x1d, 0x1e, 0x1f, 0x20, 0x21, 0x22,
  0x22, 0x23, 0x24, 0x25, 0x26, 0x26, 0x27, 0x28, 0x29, 0x2a, 0x2b, 0x2b, 0x2c, 0x2d, 0x2e, 0x2f,
  0x2f, 0x30, 0x30, 0x31, 0x31, 0x31, 0x32, 0x32, 0x33, 0x33, 0x33, 0x34, 0x34, 0x35, 0x35, 0x35,
  0x36, 0x36, 0x37, 0x37, 0x37, 0x38, 0x38, 0x39, 0x39, 0x39, 0x3a, 0x3a, 0x3b, 0x3b, 0x3b, 0x3c,
  0x3c, 0x3d, 0x3d, 0x3d, 0x3e, 0x3e, 0x01, 0x01, 0x02, 0x02, 0x03, 0x03, 0x04, 0x04, 0x04, 0x05,
  0x05, 0x06, 0x06, 0x07, 0x07, 0x08, 0x08, 0x08, 0x09, 0x09, 0x0a, 0x0a, 0x0b, 0x0b, 0x0c, 0x0c,
  0x0c, 0x0d, 0x0d, 0x0e, 0x0e, 0x0f, 0x0f, 0x0f, 0x10, 0x10, 0x11, 0x11, 0x12, 0x12, 0x13, 0x13,
  0x14, 0x14, 0x15, 0x15, 0x16, 0x16, 0x16, 0x17, 0x17, 0x18, 0x18, 0x19, 0x19, 0x1a, 0x1a, 0x1b,
  0x1b, 0x1c, 0x1c, 0x1c, 0x1d, 0x1d, 0x1e, 0x1e, 0x1f, 0x1f, 0x20, 0x20, 0x21, 0x21, 0x22, 0x22,
  0x23, 0x23, 0x23, 0x24, 0x24, 0x25, 0x25, 0x26, 0x26, 0x27, 0x27, 0x28, 0x28, 0x29, 0x29, 0x29,
  0x2a, 0x2a, 0x2b, 0x2b, 0x2c, 0x2c, 0x2d, 0x2d, 0x2e, 0x2e, 0x2f, 0x2f, 0x2f, 0x30, 0x30, 0x31,
  0x31, 0x31, 0x32, 0x32, 0x33, 0x33, 0x33, 0x34, 0x34, 0x35, 0x35, 0x35, 0x36, 0x36, 0x37, 0x37,
  0x37, 0x38, 0x38, 0x39, 0x39, 0x39, 0x3a, 0x3a, 0x3b, 0x3b, 0x3b, 0x3c, 0x3c, 0x3d, 0x3d, 0x3d,
  0x3e, 0x3e, 0x01, 0x01, 0x01, 0x02, 0x02, 0x02, 0x03, 0x03, 0x03, 0x03, 0x04, 0x04, 0x04, 0x05,
  0x05, 0x05, 0x06, 0x06, 0x06, 0x06, 0x07, 0x07, 0x07, 0x08, 0x08, 0x08, 0x09, 0x09, 0x09, 0x09,
  0x0a, 0x0a, 0x0a, 0x0b, 0x0b, 0x0b, 0x0c, 0x0c, 0x0c, 0x0c, 0x0d, 0x0d, 0x0d, 0x0e, 0x0e, 0x0e,
  0x0f, 0x0f, 0x0f, 0x0f, 0x10, 0x10, 0x10, 0x11, 0x11, 0x11, 0x12, 0x12, 0x12, 0x13, 0x13, 0x13,
  0x14, 0x14, 0x14, 0x15, 0x15, 0x15, 0x16, 0x16, 0x16, 0x17, 0x17, 0x17, 0x17, 0x18, 0x18, 0x18,
  0x19, 0x19, 0x19, 0x1a, 0x1a, 0x1a, 0x1b, 0x1b, 0x1b, 0x1c, 0x1c, 0x1c, 0x1d, 0x1d, 0x1d, 0x1e,
  0x1e, 0x1e, 0x1f, 0x1f, 0x1f, 0x1f, 0x20, 0x20, 0x20, 0x21, 0x21, 0x21, 0x22, 0x22, 0x22, 0x23,
  0x23, 0x23, 0x24, 0x24, 0x24, 0x25, 0x25, 0x25, 0x26, 0x26, 0x26, 0x27, 0x27, 0x27, 0x27, 0x28,
  0x28, 0x28, 0x29, 0x29, 0x29, 0x2a, 0x2a, 0x2a, 0x2b, 0x2b, 0x2b, 0x2c, 0x2c, 0x2c, 0x2d, 0x2d,
  0x2d, 0x2e, 0x2e, 0x2e, 0x2f, 0x2f, 0x2f, 0x2f, 0x30, 0x23, 0x5e, 0x23, 0x56, 0x23, 0x46, 0x23,
  0x7e, 0xc9, 0x46, 0xc5, 0xcd, 0xa9, 0x16, 0x23, 0xe5, 0x66, 0x6f, 0xf7, 0xe1, 0xc1, 0x10, 0xf3,
  0xc9, 0x46, 0xc5, 0xcd, 0xa9, 0x16, 0x48, 0x47, 0x23, 0x7e, 0x23, 0xe5, 0x66, 0x6f, 0xcf, 0xe7,
  0xe1, 0xc1, 0x10, 0xee, 0xc9, 0x21, 0x13, 0xc0, 0xcb, 0x7e, 0xca, 0x0c, 0x17, 0xcd, 0xf8, 0x0a,
  0x3a, 0x0d, 0xc0, 0xb7, 0xc8, 0x3d, 0x32, 0x13, 0xc0, 0xcd, 0x9c, 0x02, 0xaf, 0x32, 0x00, 0xc3,
  0xcd, 0xaa, 0x02, 0x21, 0x20, 0xc0, 0x11, 0x21, 0xc0, 0x01, 0x1f, 0x03, 0xaf, 0x77, 0xed, 0xb0,
  0x6f, 0x67, 0x22, 0x10, 0xc0, 0x22, 0x11, 0xc0, 0xf3, 0xc3, 0xba, 0x00, 0xcb, 0xfe, 0xaf, 0x32,
  0x00, 0xc3, 0x32, 0x0d, 0xc0, 0x21, 0x83, 0x17, 0x3a, 0x0e, 0xc0, 0xd6, 0x01, 0x38, 0x08, 0x21,
  0xf5, 0x17, 0x28, 0x03, 0x21, 0x67, 0x18, 0x22, 0x06, 0xc0, 0x21, 0xff, 0x01, 0x22, 0x08, 0xc0,
  0x21, 0x20, 0xc0, 0x11, 0x21, 0xc0, 0x01, 0x1f, 0x03, 0xaf, 0x77, 0xed, 0xb0, 0x3e, 0x01, 0x32,
  0x15, 0xc0, 0xcd, 0x0e, 0x0b, 0x21, 0x01, 0xc0, 0x7e, 0xe6, 0x01, 0xf6, 0x08, 0x77, 0xc9, 0x3a,
  0x03, 0xc0, 0xe6, 0x30, 0x28, 0x06, 0x3e, 0x02, 0x32, 0x0d, 0xc0, 0xc9, 0xed, 0x4b, 0x08, 0xc0,
  0x10, 0x19, 0x2a, 0x06, 0xc0, 0x23, 0x7e, 0xb7, 0x20, 0x05, 0x3e, 0x01, 0x32, 0x0d, 0xc0, 0x47,
  0x23, 0x79, 0x4e, 0x22, 0x06, 0xc0, 0xa9, 0xa1, 0x32, 0x03, 0xc0, 0xed, 0x43, 0x08, 0xc0, 0x79,
  0x32, 0x02, 0xc0, 0xc9, 0xff, 0x00, 0x59, 0x00, 0x99, 0x20, 0x06, 0x22, 0x8c, 0x20, 0x0b, 0x22,
  0x78, 0x20, 0x10, 0x24, 0x24, 0x20, 0x0e, 0x28, 0x1a, 0x20, 0x10, 0x24, 0x14, 0x20, 0x05, 0x24,
  0xa8, 0x20, 0x0f, 0x24, 0x07, 0x04, 0x2e, 0x14, 0x17, 0x04, 0x1e, 0x24, 0x0a, 0x20, 0x09, 0x24,
  0x10, 0x20, 0x17, 0x24, 0x07, 0x04, 0x01, 0x14, 0x46, 0x10, 0x07, 0x04, 0x25, 0x24, 0x16, 0x20,
  0x0c, 0x24, 0x08, 0x04, 0x02, 0x00, 0x06, 0x20, 0x11, 0x24, 0x0d, 0x20, 0x07, 0x00, 0x1c, 0x10,
  0x10, 0x14, 0x39, 0x10, 0x01, 0x00, 0x06, 0x20, 0x0f, 0x28, 0x37, 0x20, 0x10, 0x28, 0x3f, 0x20,
  0x10, 0x28, 0x26, 0x20, 0x0e, 0x28, 0x15, 0x20, 0x20, 0x28, 0x41, 0x20, 0x04, 0x28, 0x0c, 0x08,
  0x1b, 0x18, 0x07, 0x10, 0x00, 0x00, 0x33, 0x00, 0xff, 0x20, 0xe4, 0x20, 0x0f, 0x22, 0xe2, 0x20,
  0x0c, 0x22, 0x8f, 0x20, 0x21, 0x28, 0x25, 0x18, 0x01, 0x38, 0x0a, 0x28, 0x21, 0x20, 0x02, 0x00,
  0x01, 0x08, 0x12, 0x18, 0x01, 0x08, 0x01, 0x00, 0x25, 0x20, 0x01, 0x08, 0x13, 0x18, 0x0c, 0x28,
  0x47, 0x20, 0x06, 0x28, 0x02, 0x38, 0x10, 0x18, 0x02, 0x08, 0x0b, 0x28, 0x62, 0x20, 0x0b, 0x00,
  0x15, 0x04, 0x40, 0x24, 0x0d, 0x20, 0x01, 0x00, 0x02, 0x04, 0x33, 0x14, 0x02, 0x04, 0x13, 0x24,
  0x0b, 0x20, 0x05, 0x00, 0x01, 0x10, 0x13, 0x14, 0x03, 0x04, 0x04, 0x24, 0x14, 0x20, 0x05, 0x28,
  0x23, 0x20, 0x0f, 0x00, 0x26, 0x14, 0x02, 0x04, 0x14, 0x24, 0x20, 0x20, 0x04, 0x24, 0x03, 0x04,
  0x19, 0x14, 0x01, 0x04, 0x05, 0x24, 0x00, 0x00, 0xff, 0x00, 0x36, 0x00, 0x98, 0x20, 0x08, 0x22,
  0x01, 0x20, 0x18, 0x24, 0x0b, 0x20, 0x32, 0x28, 0x03, 0x20, 0x19, 0x24, 0x73, 0x20, 0x08, 0x22,
  0x7e, 0x20, 0x0b, 0x28, 0x20, 0x20, 0x0b, 0x28, 0x08, 0x20, 0x27, 0x28, 0x03, 0x38, 0x2f, 0x18,
  0x03, 0x08, 0x25, 0x28, 0x0e, 0x20, 0x03, 0x08, 0x22, 0x18, 0x03, 0x08, 0x0b, 0x00, 0x44, 0x20,
  0x02, 0x08, 0x24, 0x18, 0x05, 0x08, 0x17, 0x28, 0x3c, 0x20, 0x01, 0x28, 0x01, 0x38, 0x30, 0x18,
  0x01, 0x08, 0x19, 0x28, 0x22, 0x20, 0x1c, 0x24, 0x04, 0x34, 0x31, 0x14, 0x07, 0x04, 0x1e, 0x24,
  0x19, 0x20, 0x1f, 0x24, 0x01, 0x34, 0x22, 0x14, 0x02, 0x04, 0x17, 0x20, 0x15, 0x00, 0x09, 0x20,
  0x0b, 0x00, 0x1a, 0x04, 0x03, 0x24, 0x07, 0x20, 0x07, 0x24, 0x26, 0x04, 0x0e, 0x24, 0x00, 0x00,
  0x21, 0x26, 0xc0, 0xed, 0x5b, 0x46, 0xc0, 0x7a, 0xb7, 0x28, 0x01, 0x34, 0xb3, 0x28, 0x01, 0x34,
  0x7e, 0xe6, 0x03, 0x87, 0x4f, 0x06, 0x00, 0x21, 0xd6, 0x1b, 0x09, 0x7e, 0x23, 0x66, 0x6f, 0xe5,
  0xe5, 0xdd, 0xe1, 0xfd, 0xe1, 0x21, 0xb1, 0x1d, 0x11, 0x80, 0xc1, 0x01, 0x70, 0x50, 0x1a, 0x08,
  0x79, 0xd9, 0x4f, 0xe6, 0xf8, 0x6f, 0x26, 0x00, 0x29, 0x29, 0x08, 0x47, 0xe6, 0xf8, 0x0f, 0x0f,
  0x0f, 0x5f, 0x16, 0x38, 0x19, 0x7c, 0x11, 0x00, 0x48, 0xd6, 0x39, 0xca, 0x30, 0x19, 0x16, 0x50,
  0x26, 0x00, 0x29, 0x29, 0x29, 0x19, 0x79, 0xe6, 0x07, 0x5f, 0x16, 0x00, 0x19, 0xeb, 0x3a, 0x3a,
  0xc0, 0x07, 0xda, 0x66, 0x19, 0xf3, 0x7b, 0xd3, 0xbf, 0x7a, 0xd3, 0xbf, 0xaf, 0xd3, 0xbe, 0xfb,
  0x78, 0xc6, 0x08, 0xda, 0x66, 0x19, 0x21, 0x08, 0x00, 0x19, 0xeb, 0xf3, 0x7b, 0xd3, 0xbf, 0x7a,
  0xd3, 0xbf, 0xaf, 0xd3, 0xbe, 0xfb, 0xd9, 0xe5, 0x79, 0xd9, 0xd1, 0x21, 0xb0, 0xc0, 0xd6, 0x70,
  0x4f, 0x06, 0x00, 0x09, 0x1a, 0x86, 0x21, 0x3a, 0xc0, 0xcb, 0xbe, 0xd2, 0x8a, 0x19, 0xfe, 0xf0,
  0xd2, 0x88, 0x19, 0xfe, 0x10, 0xd2, 0x8a, 0x19, 0xcb, 0xfe, 0xd9, 0x12, 0xed, 0x47, 0x79, 0xd9,
  0x4f, 0xe6, 0xf8, 0x6f, 0x26, 0x00, 0x29, 0x29, 0xed, 0x57, 0xe6, 0xf8, 0x0f, 0x0f, 0x0f, 0x5f,
  0x16, 0x38, 0x19, 0x7c, 0x11, 0x00, 0x48, 0xd6, 0x39, 0xca, 0xae, 0x19, 0x16, 0x50, 0x26, 0x00,
  0x29, 0x29, 0x29, 0x19, 0x79, 0xe6, 0x07, 0x5f, 0x16, 0x00, 0x19, 0xed, 0x57, 0xe6, 0x07, 0x87,
  0xeb, 0x6f, 0x01, 0xc6, 0x1b, 0x09, 0x46, 0x23, 0x4e, 0x3a, 0x3a, 0xc0, 0x07, 0xd2, 0xda, 0x19,
  0xed, 0x57, 0xfe, 0x10, 0xd2, 0x15, 0x1a, 0xc3, 0x5b, 0x1a, 0xf3, 0x7b, 0xd3, 0xbf, 0x7a, 0xd3,
  0xbf, 0x78, 0xd3, 0xbe, 0xfb, 0xed, 0x57, 0xd6, 0x08, 0xda, 0xff, 0x19, 0x21, 0xf8, 0x1f, 0x19,
  0xeb, 0xf3, 0x7b, 0xd3, 0xbf, 0x7a, 0xd3, 0xbf, 0x3a, 0x28, 0xc0, 0xd3, 0xbe, 0xfb, 0xeb, 0x21,
  0x00, 0x20, 0x19, 0xeb, 0xf3, 0x7b, 0xd3, 0xbf, 0x7a, 0xd3, 0xbf, 0x3a, 0x28, 0xc0, 0xdd, 0xb6,
  0x00, 0xd3, 0xbe, 0xfb, 0xeb, 0x21, 0x08, 0x00, 0x19, 0xed, 0x57, 0xc6, 0x08, 0xda, 0x42, 0x1a,
  0xeb, 0xf3, 0x7b, 0xd3, 0xbf, 0x7a, 0xd3, 0xbf, 0x79, 0xd3, 0xbe, 0xfb, 0x21, 0x00, 0x20, 0x19,
  0xeb, 0xf3, 0x7b, 0xd3, 0xbf, 0x7a, 0xd3, 0xbf, 0x3a, 0x27, 0xc0, 0xdd, 0xb6, 0x00, 0xd3, 0xbe,
  0xfb, 0xeb, 0xed, 0x57, 0xc6, 0x10, 0xda, 0x5b, 0x1a, 0x21, 0x08, 0x20, 0x19, 0xeb, 0xf3, 0x7b,
  0xd3, 0xbf, 0x7a, 0xd3, 0xbf, 0x3a, 0x27, 0xc0, 0xd3, 0xbe, 0xfb, 0xd9, 0xdd, 0x23, 0x23, 0x13,
  0x0c, 0x05, 0xc2, 0x0e, 0x19, 0x21, 0x01, 0x1e, 0x11, 0xd0, 0xc1, 0x01, 0x70, 0x50, 0x1a, 0x08,
  0x79, 0xd9, 0x4f, 0xe6, 0xf8, 0x6f, 0x26, 0x00, 0x29, 0x29, 0x08, 0x47, 0xe6, 0xf8, 0x0f, 0x0f,
  0x0f, 0x5f, 0x16, 0x38, 0x19, 0x7c, 0x11, 0x00, 0x48, 0xd6, 0x39, 0xca, 0x90, 0x1a, 0x16, 0x50,
  0x26, 0x00, 0x29, 0x29, 0x29, 0x19, 0x79, 0xe6, 0x07, 0x5f, 0x16, 0x00, 0x19, 0xeb, 0x3a, 0x3a,
  0xc0, 0x0f, 0xda, 0xc6, 0x1a, 0xf3, 0x7b, 0xd3, 0xbf, 0x7a, 0xd3, 0xbf, 0xaf, 0xd3, 0xbe, 0xfb,
  0x78, 0xc6, 0x08, 0xda, 0xc6, 0x1a, 0x21, 0x08, 0x00, 0x19, 0xeb, 0xf3, 0x7b, 0xd3, 0xbf, 0x7a,
  0xd3, 0xbf, 0xaf, 0xd3, 0xbe, 0xfb, 0xd9, 0xe5, 0x79, 0xd9, 0xd1, 0x21, 0xb0, 0xc0, 0xd6, 0x70,
  0x4f, 0x06, 0x00, 0x09, 0x1a, 0x86, 0x21, 0x3a, 0xc0, 0xcb, 0x86, 0xd2, 0xea, 0x1a, 0xfe, 0xf0,
  0xd2, 0xe8, 0x1a, 0xfe, 0x10, 0xd2, 0xea, 0x1a, 0xcb, 0xc6, 0xd9, 0x12, 0xed, 0x47, 0x79, 0xd9,
  0x4f, 0xe6, 0xf8, 0x6f, 0x26, 0x00, 0x29, 0x29, 0xed, 0x57, 0xe6, 0xf8, 0x0f, 0x0f, 0x0f, 0x5f,
  0x16, 0x38, 0x19, 0x7c, 0x11, 0x00, 0x48, 0xd6, 0x39, 0xca, 0x0e, 0x1b, 0x16, 0x50, 0x26, 0x00,
  0x29, 0x29, 0x29, 0x19, 0x79, 0xe6, 0x07, 0x5f, 0x16, 0x00, 0x19, 0xed, 0x57, 0xe6, 0x07, 0x87,
  0xeb, 0x6f, 0x01, 0xc6, 0x1b, 0x09, 0x46, 0x23, 0x4e, 0x3a, 0x3a, 0xc0, 0x0f, 0xd2, 0x3a, 0x1b,
  0xed, 0x57, 0xfe, 0x10, 0xd2, 0x75, 0x1b, 0xc3, 0xbb, 0x1b, 0xf3, 0x7b, 0xd3, 0xbf, 0x7a, 0xd3,
  0xbf, 0x78, 0xd3, 0xbe, 0xfb, 0xed, 0x57, 0xd6, 0x08, 0xda, 0x5f, 0x1b, 0x21, 0xf8, 0x1f, 0x19,
  0xeb, 0xf3, 0x7b, 0xd3, 0xbf, 0x7a, 0xd3, 0xbf, 0x3a, 0x27, 0xc0, 0xd3, 0xbe, 0xfb, 0xeb, 0x21,
  0x00, 0x20, 0x19, 0xeb, 0xf3, 0x7b, 0xd3, 0xbf, 0x7a, 0xd3, 0xbf, 0x3a, 0x27, 0xc0, 0xfd, 0xb6,
  0x00, 0xd3, 0xbe, 0xfb, 0xeb, 0x21, 0x08, 0x00, 0x19, 0xed, 0x57, 0xc6, 0x08, 0xda, 0xa2, 0x1b,
  0xeb, 0xf3, 0x7b, 0xd3, 0xbf, 0x7a, 0xd3, 0xbf, 0x79, 0xd3, 0xbe, 0xfb, 0x21, 0x00, 0x20, 0x19,
  0xeb, 0xf3, 0x7b, 0xd3, 0xbf, 0x7a, 0xd3, 0xbf, 0x3a, 0x28, 0xc0, 0xfd, 0xb6, 0x00, 0xd3, 0xbe,
  0xfb, 0xeb, 0xed, 0x57, 0xc6, 0x10, 0xda, 0xbb, 0x1b, 0x21, 0x08, 0x20, 0x19, 0xeb, 0xf3, 0x7b,
  0xd3, 0xbf, 0x7a, 0xd3, 0xbf, 0x3a, 0x28, 0xc0, 0xd3, 0xbe, 0xfb, 0xd9, 0xfd, 0x23, 0x23, 0x13,
  0x0c, 0x05, 0xc2, 0x6e, 0x1a, 0xc9, 0xff, 0x00, 0x7f, 0x80, 0x3f, 0xc0, 0x1f, 0xe0, 0x0f, 0xf0,
  0x07, 0xf8, 0x03, 0xfc, 0x01, 0xfe, 0x71, 0x1c, 0xc1, 0x1c, 0x11, 0x1d, 0x61, 0x1d, 0x11, 0xc0,
  0x79, 0xcf, 0x01, 0x40, 0x01, 0x2e, 0xc0, 0x7d, 0xd3, 0xbe, 0xf5, 0xf1, 0x2c, 0x0b, 0x78, 0xb1,
  0xc2, 0xe7, 0x1b, 0xc9, 0x21, 0xb1, 0x1d, 0x11, 0x80, 0xc1, 0x01, 0xa0, 0x00, 0xed, 0xb0, 0xc9,
  0x21, 0x1d, 0x1c, 0x11, 0x00, 0x6e, 0xcf, 0x06, 0x15, 0xc5, 0x4e, 0x23, 0x46, 0x23, 0x5e, 0x23,
  0x56, 0xeb, 0x7e, 0xf6, 0xf0, 0x6f, 0x13, 0xef, 0xeb, 0xc1, 0x10, 0xed, 0xc9, 0x70, 0x00, 0x28,
  0xc0, 0x20, 0x00, 0x27, 0xc0, 0xd8, 0x00, 0x28, 0xc0, 0x30, 0x00, 0x27, 0xc0, 0xc8, 0x00, 0x28,
  0xc0, 0x40, 0x00, 0x27, 0xc0, 0xb8, 0x00, 0x28, 0xc0, 0x50, 0x00, 0x27, 0xc0, 0xa8, 0x00, 0x28,
  0xc0, 0x60, 0x00, 0x27, 0xc0, 0x98, 0x00, 0x28, 0xc0, 0x70, 0x00, 0x27, 0xc0, 0x88, 0x00, 0x28,
  0xc0, 0x80, 0x00, 0x27, 0xc0, 0x78, 0x00, 0x28, 0xc0, 0x90, 0x00, 0x27, 0xc0, 0x68, 0x00, 0x28,
  0xc0, 0xa0, 0x00, 0x27, 0xc0, 0x58, 0x00, 0x28, 0xc0, 0xb0, 0x00, 0x27, 0xc0, 0x28, 0x00, 0x28,
  0xc0, 0x80, 0xf0, 0x80, 0xf0, 0x80, 0xf0, 0x80, 0x80, 0xf0, 0xf0, 0x80, 0x80, 0xf0, 0xf0, 0x80,
  0x80, 0xf0, 0xf0, 0x80, 0x80, 0x80, 0xf0, 0xf0, 0xf0, 0x80, 0x80, 0x80, 0x80, 0xf0, 0xf0, 0xf0,
  0xf0, 0x80, 0x80, 0x80, 0x80, 0x80, 0x80, 0xf0, 0xf0, 0xf0, 0xf0, 0xf0, 0xf0, 0x80, 0x80, 0x80,
  0x80, 0x80, 0x80, 0x80, 0x80, 0xf0, 0xf0, 0xf0, 0xf0, 0xf0, 0xf0, 0xf0, 0xf0, 0x80, 0x80, 0x80,
  0x80, 0x80, 0x80, 0x80, 0x80, 0x80, 0x80, 0xf0, 0xf0, 0xf0, 0xf0, 0xf0, 0xf0, 0xf0, 0xf0, 0xf0,
  0xf0, 0xf0, 0x80, 0xf0, 0x80, 0xf0, 0x80, 0xf0, 0x80, 0x80, 0xf0, 0xf0, 0x80, 0x80, 0xf0, 0xf0,
  0x80, 0x80, 0xf0, 0xf0, 0x80, 0x80, 0x80, 0xf0, 0xf0, 0xf0, 0xf0, 0x80, 0x80, 0x80, 0x80, 0xf0,
  0xf0, 0xf0, 0xf0, 0xf0, 0x80, 0x80, 0x80, 0x80, 0x80, 0x80, 0xf0, 0xf0, 0xf0, 0xf0, 0xf0, 0xf0,
  0xf0, 0x80, 0x80, 0x80, 0x80, 0x80, 0x80, 0x80, 0x80, 0xf0, 0xf0, 0xf0, 0xf0, 0xf0, 0xf0, 0xf0,
  0xf0, 0xf0, 0x80, 0x80, 0x80, 0x80, 0x80, 0x80, 0x80, 0x80, 0x80, 0x80, 0xf0, 0xf0, 0xf0, 0xf0,
  0xf0, 0x80, 0xf0, 0x80, 0xf0, 0x80, 0xf0, 0xf0, 0xf0, 0x80, 0x80, 0xf0, 0xf0, 0x80, 0x80, 0xf0,
  0xf0, 0x80, 0x80, 0xf0, 0xf0, 0xf0, 0x80, 0x80, 0x80, 0xf0, 0xf0, 0xf0, 0xf0, 0x80, 0x80, 0x80,
  0x80, 0xf0, 0xf0, 0xf0, 0xf0, 0xf0, 0xf0, 0x80, 0x80, 0x80, 0x80, 0x80, 0x80, 0xf0, 0xf0, 0xf0,
  0xf0, 0xf0, 0xf0, 0xf0, 0xf0, 0x80, 0x80, 0x80, 0x80, 0x80, 0x80, 0x80, 0x80, 0xf0, 0xf0, 0xf0,
  0xf0, 0xf0, 0xf0, 0xf0, 0xf0, 0xf0, 0xf0, 0x80, 0x80, 0x80, 0x80, 0x80, 0x80, 0x80, 0x80, 0x80,
  0x80, 0xf0, 0x80, 0xf0, 0x80, 0xf0, 0x80, 0x80, 0xf0, 0xf0, 0x80, 0x80, 0xf0, 0xf0, 0x80, 0x80,
  0xf0, 0xf0, 0x80, 0x80, 0xf0, 0xf0, 0xf0, 0x80, 0x80, 0x80, 0x80, 0xf0, 0xf0, 0xf0, 0xf0, 0x80,
  0x80, 0x80, 0x80, 0x80, 0xf0, 0xf0, 0xf0, 0xf0, 0xf0, 0xf0, 0x80, 0x80, 0x80, 0x80, 0x80, 0x80,
  0x80, 0xf0, 0xf0, 0xf0, 0xf0, 0xf0, 0xf0, 0xf0, 0xf0, 0x80, 0x80, 0x80, 0x80, 0x80, 0x80, 0x80,
  0x80, 0x80, 0xf0, 0xf0, 0xf0, 0xf0, 0xf0, 0xf0, 0xf0, 0xf0, 0xf0, 0xf0, 0x80, 0x80, 0x80, 0x80,
  0x80, 0x6f, 0x6e, 0x6d, 0x6c, 0x6b, 0x6a, 0x69, 0x68, 0x67, 0x66, 0x65, 0x64, 0x63, 0x62, 0x61,
  0x60, 0x5f, 0x5e, 0x5d, 0x5c, 0x5b, 0x5a, 0x59, 0x58, 0x57, 0x56, 0x55, 0x54, 0x53, 0x52, 0x51,
  0x50, 0x4f, 0x4e, 0x4d, 0x4c, 0x4b, 0x4a, 0x49, 0x48, 0x47, 0x46, 0x45, 0x44, 0x43, 0x42, 0x41,
  0x40, 0x3f, 0x3e, 0x3d, 0x3c, 0x3b, 0x3a, 0x39, 0x38, 0x37, 0x36, 0x35, 0x34, 0x33, 0x32, 0x31,
  0x30, 0x2f, 0x2e, 0x2d, 0x2c, 0x2b, 0x2a, 0x29, 0x28, 0x27, 0x26, 0x25, 0x24, 0x23, 0x22, 0x21,
  0x20, 0x88, 0x89, 0x8a, 0x8b, 0x8c, 0x8d, 0x8e, 0x8f, 0x90, 0x91, 0x92, 0x93, 0x94, 0x95, 0x96,
  0x97, 0x98, 0x99, 0x9a, 0x9b, 0x9c, 0x9d, 0x9e, 0x9f, 0xa0, 0xa1, 0xa2, 0xa3, 0xa4, 0xa5, 0xa6,
  0xa7, 0xa8, 0xa9, 0xaa, 0xab, 0xac, 0xad, 0xae, 0xaf, 0xb0, 0xb1, 0xb2, 0xb3, 0xb4, 0xb5, 0xb6,
  0xb7, 0xb8, 0xb9, 0xba, 0xbb, 0xbc, 0xbd, 0xbe, 0xbf, 0xc0, 0xc1, 0xc2, 0xc3, 0xc4, 0xc5, 0xc6,
  0xc7, 0xc8, 0xc9, 0xca, 0xcb, 0xcc, 0xcd, 0xce, 0xcf, 0xd0, 0xd1, 0xd2, 0xd3, 0xd4, 0xd5, 0xd6,
  0xd7, 0xdd, 0x21, 0x31, 0xc0, 0x3a, 0x31, 0xc0, 0xb7, 0xc8, 0x21, 0x5e, 0x1e, 0xc3, 0x38, 0x06,
  0x48, 0x1f, 0x5f, 0x1f, 0x5f, 0x1f, 0x5f, 0x1f, 0x5f, 0x1f, 0x5f, 0x1f, 0x5f, 0x1f, 0x5f, 0x1f,
  0x5f, 0x1f, 0x5f, 0x1f, 0x5f, 0x1f, 0x5f, 0x1f, 0x5f, 0x1f, 0x86, 0x1f, 0x86, 0x1f, 0x86, 0x1f,
  0x86, 0x1f, 0x86, 0x1f, 0x86, 0x1f, 0x86, 0x1f, 0x86, 0x1f, 0x86, 0x1f, 0x86, 0x1f, 0x86, 0x1f,
  0x86, 0x1f, 0x9f, 0x2d, 0x9f, 0x2d, 0x9f, 0x2d, 0x9f, 0x2d, 0x9f, 0x2d, 0x9f, 0x2d, 0x9f, 0x2d,
  0x9f, 0x2d, 0x9f, 0x2d, 0x9f, 0x2d, 0x9f, 0x2d, 0x9f, 0x2d, 0x9f, 0x2d, 0x9f, 0x2d, 0x9f, 0x2d,
  0x9f, 0x2d, 0x9f, 0x2d, 0x9f, 0x2d, 0x9f, 0x2d, 0x9f, 0x2d, 0x39, 0x20, 0x39, 0x20, 0x39, 0x20,
  0x39, 0x20, 0x39, 0x20, 0x39, 0x20, 0x39, 0x20, 0x39, 0x20, 0x39, 0x20, 0x39, 0x20, 0x39, 0x20,
  0x39, 0x20, 0x9f, 0x2d, 0x9f, 0x2d, 0x9f, 0x2d, 0x9f, 0x2d, 0x9f, 0x2d, 0x9f, 0x2d, 0xe2, 0x20,
  0xe2, 0x20, 0xe2, 0x20, 0x8b, 0x21, 0x8b, 0x21, 0x8b, 0x21, 0x45, 0x22, 0x45, 0x22, 0x45, 0x22,
  0xe2, 0x20, 0xe2, 0x20, 0xe2, 0x20, 0x8b, 0x21, 0x8b, 0x21, 0x8b, 0x21, 0x45, 0x22, 0x45, 0x22,
  0x45, 0x22, 0x9f, 0x2d, 0x9f, 0x2d, 0x9f, 0x2d, 0x9f, 0x2d, 0x9f, 0x2d, 0x9f, 0x2d, 0x9f, 0x2d,
  0x9f, 0x2d, 0x9f, 0x2d, 0x9f, 0x2d, 0x9f, 0x2d, 0x9f, 0x2d, 0x9f, 0x2d, 0x9f, 0x2d, 0x48, 0x1f,
  0x5f, 0x1f, 0x5f, 0x1f, 0x5f, 0x1f, 0x48, 0x1f, 0x5f, 0x1f, 0x5f, 0x1f, 0x5f, 0x1f, 0x5f, 0x1f,
  0x5f, 0x1f, 0x5f, 0x1f, 0x5f, 0x1f, 0x5f, 0x1f, 0x5f, 0x1f, 0x5f, 0x1f, 0x5f, 0x1f, 0x5f, 0x1f,
  0x5f, 0x1f, 0x5f, 0x1f, 0x5f, 0x1f, 0x48, 0x1f, 0xdd, 0xcb, 0x08, 0x46, 0x20, 0x11, 0xdd, 0x36,
  0x08, 0x01, 0x21, 0xb0, 0xc0, 0x11, 0xb1, 0xc0, 0x01, 0x4f, 0x00, 0x36, 0x00, 0xed, 0xb0, 0xcd,
  0x75, 0x1f, 0xd6, 0x10, 0xd8, 0x32, 0x35, 0xc0, 0xdd, 0x35, 0x01, 0xc0, 0xdd, 0x36, 0x02, 0x00,
  0xdd, 0x36, 0x08, 0x00, 0xc9, 0xcd, 0x9b, 0x30, 0x2a, 0x2b, 0xc0, 0xed, 0x5b, 0x34, 0xc0, 0x19,
  0x22, 0x34, 0xc0, 0x7c, 0xba, 0xc9, 0xcd, 0x75, 0x1f, 0xc8, 0x06, 0x50, 0xb8, 0xd4, 0xe3, 0x1f,
  0xfe, 0x3c, 0xd4, 0xed, 0x1f, 0x08, 0x3a, 0x31, 0xc0, 0x4f, 0xd6, 0x0e, 0xfe, 0x06, 0xda, 0xa3,
  0x1f, 0xd6, 0x06, 0x87, 0x5f, 0x16, 0x00, 0x21, 0x21, 0x20, 0x19, 0x5e, 0x23, 0x56, 0xeb, 0x79,
  0xfe, 0x14, 0xd2, 0xcb, 0x1f, 0x08, 0xed, 0x44, 0xc6, 0x9f, 0x5f, 0x16, 0x00, 0x19, 0x11, 0xff,
  0xc0, 0xeb, 0x06, 0x50, 0x1a, 0x77, 0x1b, 0x2b, 0x10, 0xfa, 0xc9, 0x08, 0xed, 0x44, 0xc6, 0x9f,
  0x5f, 0x16, 0x00, 0x19, 0x11, 0xff, 0xc0, 0xeb, 0x06, 0x50, 0x1a, 0xed, 0x44, 0x77, 0x1b, 0x2b,
  0x10, 0xf8, 0xc9, 0x90, 0x32, 0x38, 0xc0, 0xdd, 0x36, 0x02, 0x00, 0x78, 0xc9, 0x4f, 0x2a, 0x36,
  0xc0, 0x3a, 0x31, 0xc0, 0xd6, 0x0e, 0xfe, 0x06, 0xd2, 0x0e, 0x20, 0xd9, 0x21, 0x2d, 0x20, 0x16,
  0x00, 0x5f, 0x19, 0x7e, 0xd9, 0x5f, 0x16, 0x00, 0x19, 0x22, 0x36, 0xc0, 0x79, 0xc9, 0xd9, 0x21,
  0x2d, 0x20, 0x16, 0x00, 0x5f, 0x19, 0x7e, 0xd9, 0x5f, 0x16, 0xff, 0x19, 0x22, 0x36, 0xc0, 0x79,
  0xc9, 0x39, 0x20, 0xff, 0x22, 0x39, 0x20, 0x9f, 0x23, 0x39, 0x20, 0x3f, 0x24, 0x04, 0x08, 0x0c,
  0x11, 0x15, 0x19, 0xfc, 0xf8, 0xf4, 0xef, 0xeb, 0xe7, 0xcd, 0x75, 0x1f, 0xc8, 0x06, 0x4f, 0xb8,
  0xd4, 0xe3, 0x1f, 0xfe, 0x3c, 0xd4, 0x96, 0x20, 0x5f, 0x16, 0x00, 0x21, 0xb0, 0xc0, 0x19, 0xe5,
  0x46, 0xc5, 0xd5, 0x3a, 0x31, 0xc0, 0x4f, 0xd6, 0x2e, 0xfe, 0x06, 0xda, 0x60, 0x20, 0xd6, 0x06,
  0x87, 0x5f, 0x16, 0x00, 0x21, 0xd6, 0x20, 0x19, 0x5e, 0x23, 0x56, 0xeb, 0xd1, 0xc1, 0x19, 0x19,
  0x4b, 0x5e, 0x23, 0x56, 0x3a, 0x31, 0xc0, 0xfe, 0x34, 0x38, 0x09, 0x08, 0x7b, 0x2f, 0x5f, 0x7a,
  0x2f, 0x57, 0x13, 0x08, 0x60, 0x2e, 0x00, 0x79, 0xc1, 0xd9, 0x47, 0x04, 0xd9, 0x7c, 0x02, 0x19,
  0x0b, 0xd9, 0x10, 0xf8, 0xd9, 0xc9, 0x4f, 0x2a, 0x36, 0xc0, 0x3a, 0x31, 0xc0, 0xd6, 0x2e, 0xfe,
  0x06, 0xda, 0xb7, 0x20, 0xd9, 0x21, 0xca, 0x20, 0x16, 0x00, 0x5f, 0x19, 0x7e, 0xd9, 0x5f, 0x16,
  0x00, 0x19, 0x22, 0x36, 0xc0, 0x79, 0xc9, 0xd9, 0x21, 0xca, 0x20, 0x16, 0x00, 0x5f, 0x19, 0x7e,
  0xd9, 0x5f, 0x16, 0xff, 0x19, 0x22, 0x36, 0xc0, 0x79, 0xc9, 0xfc, 0xf8, 0xf4, 0xef, 0xeb, 0xe7,
  0x04, 0x08, 0x0c, 0x11, 0x15, 0x19, 0xe2, 0x20, 0xdf, 0x24, 0xe2, 0x20, 0x7f, 0x25, 0xe2, 0x20,
  0x1f, 0x26, 0x3a, 0x72, 0xc0, 0xb7, 0x20, 0x17, 0x3a, 0x35, 0xc0, 0xfe, 0x28, 0x38, 0x10, 0x32,
  0x72, 0xc0, 0x2a, 0x36, 0xc0, 0x7d, 0x2f, 0x6f, 0x7c, 0x2f, 0x67, 0x23, 0x22, 0x36, 0xc0, 0x1a,
  0x86, 0x12, 0x23, 0x13, 0x10, 0xf9, 0xc9, 0x1a, 0x96, 0x12, 0x23, 0x13, 0x10, 0xf9, 0xc9, 0x4f,
  0x2a, 0x36, 0xc0, 0x3a, 0x31, 0xc0, 0xd6, 0x40, 0xfe, 0x09, 0xda, 0x30, 0x21, 0xd9, 0x21, 0x43,
  0x21, 0x16, 0x00, 0x5f, 0x19, 0x7e, 0xd9, 0x5f, 0x16, 0x00, 0x19, 0x22, 0x36, 0xc0, 0x79, 0xc9,
  0xd9, 0x21, 0x43, 0x21, 0x16, 0x00, 0x5f, 0x19, 0x7e, 0xd9, 0x5f, 0x16, 0xff, 0x19, 0x22, 0x36,
  0xc0, 0x79, 0xc9, 0xf5, 0xef, 0xea, 0xef, 0xea, 0xe4, 0xea, 0xe4, 0xe0, 0x0b, 0x11, 0x16, 0x11,
  0x16, 0x1c, 0x16, 0x1c, 0x20, 0x89, 0x21, 0x1b, 0x22, 0xd5, 0x22, 0x89, 0x21, 0x1b, 0x22, 0xd5,
  0x22, 0x89, 0x21, 0x1b, 0x22, 0xd5, 0x22, 0x89, 0x21, 0x1b, 0x22, 0xd5, 0x22, 0x89, 0x21, 0x1b,
  0x22, 0xd5, 0x22, 0x89, 0x21, 0x1b, 0x22, 0xd5, 0x22, 0x89, 0x21, 0x1b, 0x22, 0xd5, 0x22, 0x89,
  0x21, 0x1b, 0x22, 0xd5, 0x22, 0x89, 0x21, 0x1b, 0x22, 0xd5, 0x22, 0x3a, 0x72, 0xc0, 0xb7, 0x20,
  0x17, 0x3a, 0x35, 0xc0, 0xfe, 0x28, 0x38, 0x10, 0x32, 0x72, 0xc0, 0x2a, 0x36, 0xc0, 0x7d, 0x2f,
  0x6f, 0x7c, 0x2f, 0x67, 0x23, 0x22, 0x36, 0xc0, 0xcd, 0x75, 0x1f, 0xc8, 0x06, 0x4f, 0xb8, 0xd4,
  0xe3, 0x1f, 0xfe, 0x32, 0xd4, 0x0f, 0x21, 0xf5, 0x5f, 0x16, 0x00, 0x21, 0xb0, 0xc0, 0x19, 0xe5,
  0x46, 0x21, 0x7f, 0x25, 0x19, 0x19, 0x7b, 0x5e, 0x23, 0x56, 0x08, 0x3a, 0x31, 0xc0, 0xfe, 0x49,
  0xda, 0xda, 0x21, 0x7b, 0x2f, 0x5f, 0x7a, 0x2f, 0x57, 0x13, 0x08, 0x60, 0x2e, 0x00, 0xc1, 0xd9,
  0x47, 0x04, 0xd9, 0x7c, 0x02, 0x19, 0x0b, 0xd9, 0x10, 0xf8, 0xd9, 0xf1, 0xfe, 0x04, 0xd8, 0xe6,
  0xfc, 0x47, 0x0f, 0xe6, 0x3e, 0x6f, 0x26, 0x00, 0xe5, 0x3a, 0x31, 0xc0, 0xd6, 0x40, 0x87, 0x16,
  0x00, 0x5f, 0x21, 0x55, 0x21, 0x19, 0x5e, 0x23, 0x56, 0xe1, 0x19, 0x7e, 0x23, 0x66, 0x6f, 0x11,
  0xb0, 0xc0, 0x3a, 0x31, 0xc0, 0xfe, 0x49, 0xda, 0x07, 0x21, 0xc3, 0xff, 0x20, 0xbf, 0x26, 0xc7,
  0x26, 0xcf, 0x26, 0xdf, 0x26, 0xef, 0x26, 0x07, 0x27, 0x1f, 0x27, 0x3f, 0x27, 0x5f, 0x27, 0x87,
  0x27, 0xaf, 0x27, 0xdf, 0x27, 0x0f, 0x28, 0x47, 0x28, 0x7f, 0x28, 0xbf, 0x28, 0xff, 0x28, 0x47,
  0x29, 0x8f, 0x29, 0xdf, 0x29, 0x3a, 0x72, 0xc0, 0xb7, 0x20, 0x17, 0x3a, 0x35, 0xc0, 0xfe, 0x28,
  0x38, 0x10, 0x32, 0x72, 0xc0, 0x2a, 0x36, 0xc0, 0x7d, 0x2f, 0x6f, 0x7c, 0x2f, 0x67, 0x23, 0x22,
  0x36, 0xc0, 0xcd, 0x75, 0x1f, 0xc8, 0x06, 0x4f, 0xb8, 0xd4, 0xe3, 0x1f, 0xfe, 0x32, 0xd4, 0x0f,
  0x21, 0xf5, 0x5f, 0x16, 0x00, 0x21, 0xb0, 0xc0, 0x19, 0xe5, 0x46, 0x21, 0x1f, 0x26, 0x19, 0x19,
  0x7b, 0x5e, 0x23, 0x56, 0x08, 0x3a, 0x31, 0xc0, 0xfe, 0x49, 0xda, 0x94, 0x22, 0x7b, 0x2f, 0x5f,
  0x7a, 0x2f, 0x57, 0x13, 0x08, 0x60, 0x2e, 0x00, 0xc1, 0xd9, 0x47, 0x04, 0xd9, 0x7c, 0x02, 0x19,
  0x0b, 0xd9, 0x10, 0xf8, 0xd9, 0xf1, 0xfe, 0x04, 0xd8, 0xe6, 0xfc, 0x47, 0x0f, 0xe6, 0x3e, 0x6f,
  0x26, 0x00, 0xe5, 0x3a, 0x31, 0xc0, 0xd6, 0x40, 0x87, 0x16, 0x00, 0x5f, 0x21, 0x55, 0x21, 0x19,
  0x5e, 0x23, 0x56, 0xe1, 0x19, 0x7e, 0x23, 0x66, 0x6f, 0x11, 0xb0, 0xc0, 0x3a, 0x31, 0xc0, 0xfe,
  0x49, 0xda, 0x07, 0x21, 0xc3, 0xff, 0x20, 0x2f, 0x2a, 0x37, 0x2a, 0x3f, 0x2a, 0x4f, 0x2a, 0x5f,
  0x2a, 0x77, 0x2a, 0x8f, 0x2a, 0xaf, 0x2a, 0xcf, 0x2a, 0xf7, 0x2a, 0x1f, 0x2b, 0x4f, 0x2b, 0x7f,
  0x2b, 0xb7, 0x2b, 0xef, 0x2b, 0x2f, 0x2c, 0x6f, 0x2c, 0xb7, 0x2c, 0xff, 0x2c, 0x4f, 0x2d, 0x2a,
  0x23, 0x20, 0x1e, 0x1c, 0x1b, 0x1a, 0x18, 0x17, 0x16, 0x15, 0x14, 0x13, 0x13, 0x12, 0x11, 0x10,
  0x10, 0x0f, 0x0e, 0x0e, 0x0d, 0x0d, 0x0c, 0x0c, 0x0b, 0x0b, 0x0a, 0x0a, 0x09, 0x09, 0x08, 0x08,
  0x08, 0x07, 0x07, 0x06, 0x06, 0x06, 0x05, 0x05, 0x05, 0x05, 0x04, 0x04, 0x04, 0x03, 0x03, 0x03,
  0x03, 0x03, 0x02, 0x02, 0x02, 0x02, 0x02, 0x01, 0x01, 0x01, 0x01, 0x01, 0x01, 0x01, 0x00, 0x00,
  0x00, 0x00, 0x00, 0x00, 0x00, 0x00, 0x00, 0x00, 0x00, 0x00, 0x00, 0x00, 0x00, 0x00, 0x00, 0x00,
  0x00, 0x00, 0x00, 0x00, 0x00, 0x00, 0x00, 0x00, 0x00, 0x00, 0x00, 0x00, 0x00, 0x00, 0x00, 0x00,
  0x00, 0x00, 0x00, 0x00, 0x00, 0x00, 0x00, 0x00, 0x00, 0x00, 0x00, 0x00, 0x00, 0x00, 0x00, 0x00,
  0x00, 0x00, 0x00, 0x00, 0x00, 0x00, 0x00, 0x00, 0x00, 0x00, 0x00, 0x00, 0x00, 0x00, 0x00, 0x00,
  0x00, 0x00, 0x00, 0x00, 0x00, 0x00, 0x00, 0x00, 0x00, 0x00, 0x00, 0x00, 0x00, 0x00, 0x00, 0x00,
  0x00, 0x00, 0x00, 0x00, 0x00, 0x00, 0x00, 0x00, 0x00, 0x00, 0x00, 0x00, 0x00, 0x00, 0x00, 0x54,
  0x46, 0x41, 0x3d, 0x39, 0x36, 0x34, 0x31, 0x2f, 0x2d, 0x2b, 0x29, 0x27, 0x26, 0x24, 0x23, 0x21,
  0x20, 0x1e, 0x1d, 0x1c, 0x1b, 0x1a, 0x19, 0x18, 0x17, 0x16, 0x15, 0x14, 0x13, 0x12, 0x11, 0x10,
  0x10, 0x0f, 0x0e, 0x0d, 0x0d, 0x0c, 0x0b, 0x0b, 0x0a, 0x0a, 0x09, 0x08, 0x08, 0x07, 0x07, 0x07,
  0x06, 0x06, 0x05, 0x05, 0x04, 0x04, 0x04, 0x03, 0x03, 0x03, 0x02, 0x02, 0x02, 0x02, 0x01, 0x01,
  0x01, 0x01, 0x01, 0x00, 0x00, 0x00, 0x00, 0x00, 0x00, 0x00, 0x00, 0x00, 0x00, 0x00, 0x00, 0x00,
  0x00, 0x00, 0x00, 0x00, 0x00, 0x00, 0x00, 0x00, 0x00, 0x00, 0x00, 0x00, 0x00, 0x00, 0x00, 0x00,
  0x00, 0x00, 0x00, 0x00, 0x00, 0x00, 0x00, 0x00, 0x00, 0x00, 0x00, 0x00, 0x00, 0x00, 0x00, 0x00,
  0x00, 0x00, 0x00, 0x00, 0x00, 0x00, 0x00, 0x00, 0x00, 0x00, 0x00, 0x00, 0x00, 0x00, 0x00, 0x00,
  0x00, 0x00, 0x00, 0x00, 0x00, 0x00, 0x00, 0x00, 0x00, 0x00, 0x00, 0x00, 0x00, 0x00, 0x00, 0x00,
  0x00, 0x00, 0x00, 0x00, 0x00, 0x00, 0x00, 0x00, 0x00, 0x00, 0x00, 0x00, 0x00, 0x00, 0x00, 0x7e,
  0x6a, 0x62, 0x5b, 0x56, 0x52, 0x4e, 0x4a, 0x47, 0x43, 0x41, 0x3e, 0x3b, 0x39, 0x36, 0x34, 0x32,
  0x30, 0x2e, 0x2c, 0x2a, 0x28, 0x27, 0x25, 0x24, 0x22, 0x21, 0x1f, 0x1e, 0x1c, 0x1b, 0x1a, 0x19,
  0x18, 0x16, 0x15, 0x14, 0x13, 0x12, 0x11, 0x10, 0x0f, 0x0f, 0x0e, 0x0d, 0x0c, 0x0b, 0x0b, 0x0a,
  0x09, 0x09, 0x08, 0x07, 0x07, 0x06, 0x06, 0x05, 0x05, 0x04, 0x04, 0x04, 0x03, 0x03, 0x02, 0x02,
  0x02, 0x01, 0x01, 0x01, 0x01, 0x00, 0x00, 0x00, 0x00, 0x00, 0x00, 0x00, 0x00, 0x00, 0x00, 0x00,
  0x00, 0x00, 0x00, 0x00, 0x00, 0x00, 0x00, 0x00, 0x00, 0x00, 0x00, 0x00, 0x00, 0x00, 0x00, 0x00,
  0x00, 0x00, 0x00, 0x00, 0x00, 0x00, 0x00, 0x00, 0x00, 0x00, 0x00, 0x00, 0x00, 0x00, 0x00, 0x00,
  0x00, 0x00, 0x00, 0x00, 0x00, 0x00, 0x00, 0x00, 0x00, 0x00, 0x00, 0x00, 0x00, 0x00, 0x00, 0x00,
  0x00, 0x00, 0x00, 0x00, 0x00, 0x00, 0x00, 0x00, 0x00, 0x00, 0x00, 0x00, 0x00, 0x00, 0x00, 0x00,
  0x00, 0x00, 0x00, 0x00, 0x00, 0x00, 0x00, 0x00, 0x00, 0x00, 0x00, 0x00, 0x00, 0x00, 0x00, 0x4a,
  0x03, 0x4e, 0x02, 0xdd, 0x01, 0x99, 0x01, 0x6a, 0x01, 0x47, 0x01, 0x2c, 0x01, 0x16, 0x01, 0x03,
  0x01, 0xf3, 0x00, 0xe5, 0x00, 0xd9, 0x00, 0xce, 0x00, 0xc4, 0x00, 0xbb, 0x00, 0xb3, 0x00, 0xac,
  0x00, 0xa5, 0x00, 0x9e, 0x00, 0x98, 0x00, 0x93, 0x00, 0x8d, 0x00, 0x88, 0x00, 0x84, 0x00, 0x7f,
  0x00, 0x7b, 0x00, 0x77, 0x00, 0x73, 0x00, 0x6f, 0x00, 0x6c, 0x00, 0x68, 0x00, 0x65, 0x00, 0x62,
  0x00, 0x5e, 0x00, 0x5b, 0x00, 0x59, 0x00, 0x56, 0x00, 0x53, 0x00, 0x50, 0x00, 0x4e, 0x00, 0x4b,
  0x00, 0x49, 0x00, 0x46, 0x00, 0x44, 0x00, 0x41, 0x00, 0x3f, 0x00, 0x3d, 0x00, 0x3b, 0x00, 0x38,
  0x00, 0x36, 0x00, 0x34, 0x00, 0x32, 0x00, 0x30, 0x00, 0x2e, 0x00, 0x2c, 0x00, 0x2a, 0x00, 0x28,
  0x00, 0x26, 0x00, 0x25, 0x00, 0x23, 0x00, 0x21, 0x00, 0x1f, 0x00, 0x1d, 0x00, 0x1b, 0x00, 0x1a,
  0x00, 0x18, 0x00, 0x16, 0x00, 0x14, 0x00, 0x13, 0x00, 0x11, 0x00, 0x0f, 0x00, 0x0e, 0x00, 0x0c,
  0x00, 0x0a, 0x00, 0x08, 0x00, 0x07, 0x00, 0x05, 0x00, 0x03, 0x00, 0x02, 0x00, 0x00, 0x00, 0x94,
  0x06, 0x9b, 0x04, 0xba, 0x03, 0x32, 0x03, 0xd4, 0x02, 0x8e, 0x02, 0x58, 0x02, 0x2b, 0x02, 0x06,
  0x02, 0xe6, 0x01, 0xca, 0x01, 0xb2, 0x01, 0x9c, 0x01, 0x88, 0x01, 0x77, 0x01, 0x66, 0x01, 0x57,
  0x01, 0x4a, 0x01, 0x3d, 0x01, 0x31, 0x01, 0x26, 0x01, 0x1b, 0x01, 0x11, 0x01, 0x07, 0x01, 0xfe,
  0x00, 0xf6, 0x00, 0xee, 0x00, 0xe6, 0x00, 0xde, 0x00, 0xd7, 0x00, 0xd0, 0x00, 0xca, 0x00, 0xc3,
  0x00, 0xbd, 0x00, 0xb7, 0x00, 0xb1, 0x00, 0xab, 0x00, 0xa6, 0x00, 0xa0, 0x00, 0x9b, 0x00, 0x96,
  0x00, 0x91, 0x00, 0x8c, 0x00, 0x87, 0x00, 0x83, 0x00, 0x7e, 0x00, 0x7a, 0x00, 0x75, 0x00, 0x71,
  0x00, 0x6d, 0x00, 0x69, 0x00, 0x64, 0x00, 0x60, 0x00, 0x5c, 0x00, 0x58, 0x00, 0x55, 0x00, 0x51,
  0x00, 0x4d, 0x00, 0x49, 0x00, 0x45, 0x00, 0x42, 0x00, 0x3e, 0x00, 0x3a, 0x00, 0x37, 0x00, 0x33,
  0x00, 0x30, 0x00, 0x2c, 0x00, 0x29, 0x00, 0x25, 0x00, 0x22, 0x00, 0x1e, 0x00, 0x1b, 0x00, 0x18,
  0x00, 0x14, 0x00, 0x11, 0x00, 0x0d, 0x00, 0x0a, 0x00, 0x07, 0x00, 0x03, 0x00, 0x00, 0x00, 0xde,
  0x09, 0xe9, 0x06, 0x97, 0x05, 0xcb, 0x04, 0x3e, 0x04, 0xd6, 0x03, 0x83, 0x03, 0x41, 0x03, 0x09,
  0x03, 0xd9, 0x02, 0xaf, 0x02, 0x8b, 0x02, 0x6a, 0x02, 0x4d, 0x02, 0x32, 0x02, 0x1a, 0x02, 0x03,
  0x02, 0xee, 0x01, 0xdb, 0x01, 0xc9, 0x01, 0xb8, 0x01, 0xa8, 0x01, 0x99, 0x01, 0x8b, 0x01, 0x7e,
  0x01, 0x71, 0x01, 0x65, 0x01, 0x59, 0x01, 0x4e, 0x01, 0x43, 0x01, 0x38, 0x01, 0x2e, 0x01, 0x25,
  0x01, 0x1b, 0x01, 0x12, 0x01, 0x0a, 0x01, 0x01, 0x01, 0xf9, 0x00, 0xf1, 0x00, 0xe9, 0x00, 0xe1,
  0x00, 0xda, 0x00, 0xd2, 0x00, 0xcb, 0x00, 0xc4, 0x00, 0xbd, 0x00, 0xb7, 0x00, 0xb0, 0x00, 0xa9,
  0x00, 0xa3, 0x00, 0x9d, 0x00, 0x97, 0x00, 0x91, 0x00, 0x8b, 0x00, 0x85, 0x00, 0x7f, 0x00, 0x79,
  0x00, 0x73, 0x00, 0x6e, 0x00, 0x68, 0x00, 0x63, 0x00, 0x5d, 0x00, 0x58, 0x00, 0x52, 0x00, 0x4d,
  0x00, 0x48, 0x00, 0x42, 0x00, 0x3d, 0x00, 0x38, 0x00, 0x33, 0x00, 0x2e, 0x00, 0x29, 0x00, 0x23,
  0x00, 0x1e, 0x00, 0x19, 0x00, 0x14, 0x00, 0x0f, 0x00, 0x0a, 0x00, 0x05, 0x00, 0x00, 0x00, 0x04,
  0x01, 0x00, 0x00, 0x00, 0x00, 0x00, 0x01, 0x08, 0x04, 0x02, 0x01, 0x01, 0x00, 0x00, 0x00, 0x0c,
  0x07, 0x05, 0x04, 0x03, 0x02, 0x01, 0x01, 0x00, 0x00, 0x00, 0x00, 0x00, 0x00, 0x00, 0x00, 0x10,
  0x0a, 0x08, 0x07, 0x05, 0x04, 0x03, 0x02, 0x02, 0x01, 0x01, 0x00, 0x00, 0x00, 0x00, 0x00, 0x15,
  0x0e, 0x0b, 0x09, 0x08, 0x07, 0x06, 0x05, 0x04, 0x03, 0x02, 0x02, 0x01, 0x01, 0x00, 0x00, 0x00,
  0x00, 0x00, 0x00, 0x00, 0x00, 0x00, 0x00, 0x19, 0x12, 0x0f, 0x0d, 0x0b, 0x09, 0x08, 0x07, 0x06,
  0x05, 0x04, 0x04, 0x03, 0x02, 0x02, 0x01, 0x01, 0x01, 0x00, 0x00, 0x00, 0x00, 0x00, 0x00, 0x1d,
  0x15, 0x12, 0x10, 0x0e, 0x0c, 0x0b, 0x09, 0x08, 0x07, 0x06, 0x06, 0x05, 0x04, 0x03, 0x03, 0x02,
  0x02, 0x01, 0x01, 0x01, 0x00, 0x00, 0x00, 0x00, 0x00, 0x00, 0x00, 0x00, 0x00, 0x00, 0x00, 0x21,
  0x19, 0x15, 0x13, 0x11, 0x0f, 0x0e, 0x0c, 0x0b, 0x0a, 0x09, 0x08, 0x07, 0x06, 0x05, 0x05, 0x04,
  0x03, 0x03, 0x02, 0x02, 0x02, 0x01, 0x01, 0x01, 0x00, 0x00, 0x00, 0x00, 0x00, 0x00, 0x00, 0x25,
  0x1c, 0x19, 0x16, 0x14, 0x12, 0x10, 0x0f, 0x0e, 0x0c, 0x0b, 0x0a, 0x09, 0x08, 0x07, 0x07, 0x06,
  0x05, 0x05, 0x04, 0x03, 0x03, 0x02, 0x02, 0x02, 0x01, 0x01, 0x01, 0x00, 0x00, 0x00, 0x00, 0x00,
  0x00, 0x00, 0x00, 0x00, 0x00, 0x00, 0x00, 0x2a, 0x20, 0x1c, 0x1a, 0x17, 0x15, 0x13, 0x12, 0x10,
  0x0f, 0x0e, 0x0d, 0x0c, 0x0b, 0x0a, 0x09, 0x08, 0x07, 0x06, 0x06, 0x05, 0x05, 0x04, 0x03, 0x03,
  0x03, 0x02, 0x02, 0x01, 0x01, 0x01, 0x01, 0x00, 0x00, 0x00, 0x00, 0x00, 0x00, 0x00, 0x00, 0x2e,
  0x24, 0x20, 0x1d, 0x1a, 0x18, 0x16, 0x15, 0x13, 0x12, 0x10, 0x0f, 0x0e, 0x0d, 0x0c, 0x0b, 0x0a,
  0x09, 0x08, 0x08, 0x07, 0x06, 0x06, 0x05, 0x05, 0x04, 0x04, 0x03, 0x03, 0x02, 0x02, 0x02, 0x01,
  0x01, 0x01, 0x00, 0x00, 0x00, 0x00, 0x00, 0x00, 0x00, 0x00, 0x00, 0x00, 0x00, 0x00, 0x00, 0x32,
  0x28, 0x24, 0x20, 0x1e, 0x1c, 0x1a, 0x18, 0x16, 0x15, 0x13, 0x12, 0x11, 0x0f, 0x0e, 0x0d, 0x0c,
  0x0b, 0x0b, 0x0a, 0x09, 0x08, 0x08, 0x07, 0x06, 0x06, 0x05, 0x05, 0x04, 0x04, 0x03, 0x03, 0x02,
  0x02, 0x02, 0x01, 0x01, 0x01, 0x01, 0x00, 0x00, 0x00, 0x00, 0x00, 0x00, 0x00, 0x00, 0x00, 0x36,
  0x2b, 0x27, 0x24, 0x21, 0x1f, 0x1d, 0x1b, 0x19, 0x17, 0x16, 0x15, 0x13, 0x12, 0x11, 0x10, 0x0f,
  0x0e, 0x0d, 0x0c, 0x0b, 0x0a, 0x0a, 0x09, 0x08, 0x07, 0x07, 0x06, 0x06, 0x05, 0x05, 0x04, 0x04,
  0x03, 0x03, 0x03, 0x02, 0x02, 0x02, 0x01, 0x01, 0x01, 0x01, 0x00, 0x00, 0x00, 0x00, 0x00, 0x00,
  0x00, 0x00, 0x00, 0x00, 0x00, 0x00, 0x00, 0x3a, 0x2f, 0x2b, 0x27, 0x24, 0x22, 0x20, 0x1e, 0x1c,
  0x1a, 0x19, 0x17, 0x16, 0x15, 0x13, 0x12, 0x11, 0x10, 0x0f, 0x0e, 0x0d, 0x0c, 0x0c, 0x0b, 0x0a,
  0x09, 0x09, 0x08, 0x07, 0x07, 0x06, 0x06, 0x05, 0x05, 0x04, 0x04, 0x03, 0x03, 0x03, 0x02, 0x02,
  0x02, 0x01, 0x01, 0x01, 0x01, 0x00, 0x00, 0x00, 0x00, 0x00, 0x00, 0x00, 0x00, 0x00, 0x00, 0x3f,
  0x33, 0x2e, 0x2b, 0x28, 0x25, 0x23, 0x21, 0x1f, 0x1d, 0x1c, 0x1a, 0x19, 0x17, 0x16, 0x15, 0x14,
  0x13, 0x12, 0x11, 0x10, 0x0f, 0x0e, 0x0d, 0x0c, 0x0b, 0x0b, 0x0a, 0x09, 0x09, 0x08, 0x07, 0x07,
  0x06, 0x06, 0x05, 0x05, 0x04, 0x04, 0x03, 0x03, 0x03, 0x02, 0x02, 0x02, 0x02, 0x01, 0x01, 0x01,
  0x01, 0x00, 0x00, 0x00, 0x00, 0x00, 0x00, 0x00, 0x00, 0x00, 0x00, 0x00, 0x00, 0x00, 0x00, 0x43,
  0x37, 0x32, 0x2e, 0x2b, 0x29, 0x26, 0x24, 0x22, 0x20, 0x1f, 0x1d, 0x1c, 0x1a, 0x19, 0x17, 0x16,
  0x15, 0x14, 0x13, 0x12, 0x11, 0x10, 0x0f, 0x0e, 0x0d, 0x0d, 0x0c, 0x0b, 0x0a, 0x0a, 0x09, 0x09,
  0x08, 0x07, 0x07, 0x06, 0x06, 0x05, 0x05, 0x04, 0x04, 0x04, 0x03, 0x03, 0x03, 0x02, 0x02, 0x02,
  0x01, 0x01, 0x01, 0x01, 0x01, 0x00, 0x00, 0x00, 0x00, 0x00, 0x00, 0x00, 0x00, 0x00, 0x00, 0x47,
  0x3b, 0x36, 0x32, 0x2f, 0x2c, 0x2a, 0x27, 0x25, 0x23, 0x22, 0x20, 0x1e, 0x1d, 0x1c, 0x1a, 0x19,
  0x18, 0x17, 0x15, 0x14, 0x13, 0x12, 0x11, 0x10, 0x10, 0x0f, 0x0e, 0x0d, 0x0c, 0x0c, 0x0b, 0x0a,
  0x0a, 0x09, 0x08, 0x08, 0x07, 0x07, 0x06, 0x06, 0x05, 0x05, 0x05, 0x04, 0x04, 0x03, 0x03, 0x03,
  0x02, 0x02, 0x02, 0x02, 0x01, 0x01, 0x01, 0x01, 0x00, 0x00, 0x00, 0x00, 0x00, 0x00, 0x00, 0x00,
  0x00, 0x00, 0x00, 0x00, 0x00, 0x00, 0x00, 0x4b, 0x3f, 0x39, 0x36, 0x32, 0x2f, 0x2d, 0x2b, 0x28,
  0x27, 0x25, 0x23, 0x21, 0x20, 0x1e, 0x1d, 0x1c, 0x1a, 0x19, 0x18, 0x17, 0x16, 0x15, 0x14, 0x13,
  0x12, 0x11, 0x10, 0x0f, 0x0e, 0x0e, 0x0d, 0x0c, 0x0c, 0x0b, 0x0a, 0x0a, 0x09, 0x08, 0x08, 0x07,
  0x07, 0x06, 0x06, 0x05, 0x05, 0x05, 0x04, 0x04, 0x03, 0x03, 0x03, 0x02, 0x02, 0x02, 0x02, 0x01,
  0x01, 0x01, 0x01, 0x01, 0x00, 0x00, 0x00, 0x00, 0x00, 0x00, 0x00, 0x00, 0x00, 0x00, 0x00, 0x4f,
  0x42, 0x3d, 0x39, 0x36, 0x33, 0x30, 0x2e, 0x2c, 0x2a, 0x28, 0x26, 0x24, 0x23, 0x21, 0x20, 0x1e,
  0x1d, 0x1c, 0x1b, 0x19, 0x18, 0x17, 0x16, 0x15, 0x14, 0x13, 0x12, 0x11, 0x11, 0x10, 0x0f, 0x0e,
  0x0e, 0x0d, 0x0c, 0x0b, 0x0b, 0x0a, 0x0a, 0x09, 0x08, 0x08, 0x07, 0x07, 0x06, 0x06, 0x06, 0x05,
  0x05, 0x04, 0x04, 0x04, 0x03, 0x03, 0x03, 0x02, 0x02, 0x02, 0x02, 0x01, 0x01, 0x01, 0x01, 0x01,
  0x00, 0x00, 0x00, 0x00, 0x00, 0x00, 0x00, 0x00, 0x00, 0x00, 0x00, 0x00, 0x00, 0x00, 0x00, 0x54,
  0x46, 0x41, 0x3d, 0x39, 0x36, 0x34, 0x31, 0x2f, 0x2d, 0x2b, 0x29, 0x27, 0x26, 0x24, 0x23, 0x21,
  0x20, 0x1e, 0x1d, 0x1c, 0x1b, 0x1a, 0x19, 0x18, 0x17, 0x16, 0x15, 0x14, 0x13, 0x12, 0x11, 0x10,
  0x10, 0x0f, 0x0e, 0x0d, 0x0d, 0x0c, 0x0b, 0x0b, 0x0a, 0x0a, 0x09, 0x08, 0x08, 0x07, 0x07, 0x07,
  0x06, 0x06, 0x05, 0x05, 0x04, 0x04, 0x04, 0x03, 0x03, 0x03, 0x02, 0x02, 0x02, 0x02, 0x01, 0x01,
  0x01, 0x01, 0x01, 0x00, 0x00, 0x00, 0x00, 0x00, 0x00, 0x00, 0x00, 0x00, 0x00, 0x00, 0x00, 0x06,
  0x02, 0x00, 0x00, 0x00, 0x00, 0x00, 0x02, 0x0c, 0x06, 0x04, 0x02, 0x01, 0x00, 0x00, 0x00, 0x12,
  0x0b, 0x08, 0x06, 0x04, 0x03, 0x02, 0x01, 0x01, 0x00, 0x00, 0x00, 0x00, 0x00, 0x00, 0x00, 0x19,
  0x10, 0x0d, 0x0a, 0x08, 0x06, 0x05, 0x04, 0x03, 0x02, 0x01, 0x01, 0x00, 0x00, 0x00, 0x00, 0x1f,
  0x15, 0x11, 0x0e, 0x0c, 0x0a, 0x09, 0x07, 0x06, 0x05, 0x04, 0x03, 0x02, 0x01, 0x01, 0x01, 0x00,
  0x00, 0x00, 0x00, 0x00, 0x00, 0x00, 0x00, 0x25, 0x1b, 0x16, 0x13, 0x10, 0x0e, 0x0c, 0x0b, 0x09,
  0x08, 0x07, 0x06, 0x05, 0x04, 0x03, 0x02, 0x02, 0x01, 0x01, 0x00, 0x00, 0x00, 0x00, 0x00, 0x2c,
  0x20, 0x1b, 0x18, 0x15, 0x12, 0x10, 0x0e, 0x0d, 0x0b, 0x0a, 0x09, 0x07, 0x06, 0x05, 0x05, 0x04,
  0x03, 0x02, 0x02, 0x01, 0x01, 0x01, 0x00, 0x00, 0x00, 0x00, 0x00, 0x00, 0x00, 0x00, 0x00, 0x32,
  0x25, 0x20, 0x1d, 0x1a, 0x17, 0x15, 0x12, 0x11, 0x0f, 0x0d, 0x0c, 0x0b, 0x09, 0x08, 0x07, 0x06,
  0x05, 0x05, 0x04, 0x03, 0x03, 0x02, 0x02, 0x01, 0x01, 0x00, 0x00, 0x00, 0x00, 0x00, 0x00, 0x38,
  0x2b, 0x26, 0x22, 0x1e, 0x1b, 0x19, 0x17, 0x15, 0x13, 0x11, 0x0f, 0x0e, 0x0d, 0x0b, 0x0a, 0x09,
  0x08, 0x07, 0x06, 0x05, 0x05, 0x04, 0x03, 0x03, 0x02, 0x02, 0x01, 0x01, 0x01, 0x00, 0x00, 0x00,
  0x00, 0x00, 0x00, 0x00, 0x00, 0x00, 0x00, 0x3f, 0x31, 0x2b, 0x27, 0x23, 0x20, 0x1d, 0x1b, 0x19,
  0x17, 0x15, 0x13, 0x12, 0x10, 0x0f, 0x0d, 0x0c, 0x0b, 0x0a, 0x09, 0x08, 0x07, 0x06, 0x05, 0x05,
  0x04, 0x03, 0x03, 0x02, 0x02, 0x02, 0x01, 0x01, 0x00, 0x00, 0x00, 0x00, 0x00, 0x00, 0x00, 0x45,
  0x36, 0x30, 0x2c, 0x28, 0x25, 0x22, 0x1f, 0x1d, 0x1b, 0x19, 0x17, 0x15, 0x14, 0x12, 0x11, 0x0f,
  0x0e, 0x0d, 0x0c, 0x0b, 0x0a, 0x09, 0x08, 0x07, 0x06, 0x06, 0x05, 0x04, 0x04, 0x03, 0x03, 0x02,
  0x02, 0x01, 0x01, 0x01, 0x00, 0x00, 0x00, 0x00, 0x00, 0x00, 0x00, 0x00, 0x00, 0x00, 0x00, 0x4b,
  0x3c, 0x36, 0x31, 0x2d, 0x2a, 0x27, 0x24, 0x21, 0x1f, 0x1d, 0x1b, 0x19, 0x17, 0x16, 0x14, 0x13,
  0x11, 0x10, 0x0f, 0x0e, 0x0d, 0x0c, 0x0b, 0x0a, 0x09, 0x08, 0x07, 0x06, 0x06, 0x05, 0x04, 0x04,
  0x03, 0x03, 0x02, 0x02, 0x02, 0x01, 0x01, 0x01, 0x00, 0x00, 0x00, 0x00, 0x00, 0x00, 0x00, 0x51,
  0x41, 0x3b, 0x36, 0x32, 0x2e, 0x2b, 0x28, 0x26, 0x23, 0x21, 0x1f, 0x1d, 0x1b, 0x19, 0x18, 0x16,
  0x15, 0x13, 0x12, 0x11, 0x10, 0x0f, 0x0d, 0x0c, 0x0b, 0x0a, 0x0a, 0x09, 0x08, 0x07, 0x06, 0x06,
  0x05, 0x05, 0x04, 0x03, 0x03, 0x03, 0x02, 0x02, 0x01, 0x01, 0x01, 0x00, 0x00, 0x00, 0x00, 0x00,
  0x00, 0x00, 0x00, 0x00, 0x00, 0x00, 0x00, 0x58, 0x47, 0x40, 0x3b, 0x37, 0x33, 0x30, 0x2d, 0x2a,
  0x28, 0x25, 0x23, 0x21, 0x1f, 0x1d, 0x1c, 0x1a, 0x18, 0x17, 0x15, 0x14, 0x13, 0x12, 0x10, 0x0f,
  0x0e, 0x0d, 0x0c, 0x0b, 0x0a, 0x0a, 0x09, 0x08, 0x07, 0x07, 0x06, 0x05, 0x05, 0x04, 0x04, 0x03,
  0x03, 0x02, 0x02, 0x02, 0x01, 0x01, 0x01, 0x00, 0x00, 0x00, 0x00, 0x00, 0x00, 0x00, 0x00, 0x5e,
  0x4d, 0x46, 0x40, 0x3c, 0x38, 0x35, 0x32, 0x2f, 0x2c, 0x2a, 0x27, 0x25, 0x23, 0x21, 0x1f, 0x1e,
  0x1c, 0x1b, 0x19, 0x18, 0x16, 0x15, 0x14, 0x12, 0x11, 0x10, 0x0f, 0x0e, 0x0d, 0x0c, 0x0b, 0x0a,
  0x0a, 0x09, 0x08, 0x07, 0x07, 0x06, 0x05, 0x05, 0x04, 0x04, 0x03, 0x03, 0x03, 0x02, 0x02, 0x01,
  0x01, 0x01, 0x01, 0x00, 0x00, 0x00, 0x00, 0x00, 0x00, 0x00, 0x00, 0x00, 0x00, 0x00, 0x00, 0x64,
  0x53, 0x4b, 0x46, 0x41, 0x3d, 0x3a, 0x36, 0x34, 0x31, 0x2e, 0x2c, 0x2a, 0x27, 0x25, 0x23, 0x22,
  0x20, 0x1e, 0x1d, 0x1b, 0x1a, 0x18, 0x17, 0x16, 0x14, 0x13, 0x12, 0x11, 0x10, 0x0f, 0x0e, 0x0d,
  0x0c, 0x0b, 0x0a, 0x0a, 0x09, 0x08, 0x08, 0x07, 0x06, 0x06, 0x05, 0x05, 0x04, 0x04, 0x03, 0x03,
  0x02, 0x02, 0x02, 0x01, 0x01, 0x01, 0x01, 0x00, 0x00, 0x00, 0x00, 0x00, 0x00, 0x00, 0x00, 0x6b,
  0x58, 0x51, 0x4b, 0x46, 0x42, 0x3f, 0x3b, 0x38, 0x35, 0x33, 0x30, 0x2e, 0x2c, 0x2a, 0x28, 0x26,
  0x24, 0x22, 0x20, 0x1f, 0x1d, 0x1c, 0x1a, 0x19, 0x18, 0x16, 0x15, 0x14, 0x13, 0x12, 0x11, 0x10,
  0x0f, 0x0e, 0x0d, 0x0c, 0x0b, 0x0a, 0x0a, 0x09, 0x08, 0x08, 0x07, 0x06, 0x06, 0x05, 0x05, 0x04,
  0x04, 0x03, 0x03, 0x03, 0x02, 0x02, 0x01, 0x01, 0x01, 0x01, 0x00, 0x00, 0x00, 0x00, 0x00, 0x00,
  0x00, 0x00, 0x00, 0x00, 0x00, 0x00, 0x00, 0x71, 0x5e, 0x56, 0x51, 0x4c, 0x47, 0x44, 0x40, 0x3d,
  0x3a, 0x37, 0x35, 0x32, 0x30, 0x2e, 0x2c, 0x2a, 0x28, 0x26, 0x24, 0x22, 0x21, 0x1f, 0x1e, 0x1c,
  0x1b, 0x1a, 0x18, 0x17, 0x16, 0x15, 0x14, 0x13, 0x12, 0x11, 0x10, 0x0f, 0x0e, 0x0d, 0x0c, 0x0b,
  0x0b, 0x0a, 0x09, 0x08, 0x08, 0x07, 0x07, 0x06, 0x05, 0x05, 0x04, 0x04, 0x04, 0x03, 0x03, 0x02,
  0x02, 0x02, 0x01, 0x01, 0x01, 0x01, 0x00, 0x00, 0x00, 0x00, 0x00, 0x00, 0x00, 0x00, 0x00, 0x77,
  0x64, 0x5c, 0x56, 0x51, 0x4d, 0x49, 0x45, 0x42, 0x3f, 0x3c, 0x39, 0x37, 0x34, 0x32, 0x30, 0x2e,
  0x2c, 0x2a, 0x28, 0x26, 0x25, 0x23, 0x21, 0x20, 0x1e, 0x1d, 0x1c, 0x1a, 0x19, 0x18, 0x17, 0x16,
  0x15, 0x13, 0x12, 0x11, 0x10, 0x10, 0x0f, 0x0e, 0x0d, 0x0c, 0x0b, 0x0b, 0x0a, 0x09, 0x09, 0x08,
  0x07, 0x07, 0x06, 0x06, 0x05, 0x05, 0x04, 0x04, 0x03, 0x03, 0x03, 0x02, 0x02, 0x02, 0x01, 0x01,
  0x01, 0x01, 0x00, 0x00, 0x00, 0x00, 0x00, 0x00, 0x00, 0x00, 0x00, 0x00, 0x00, 0x00, 0x00, 0x7e,
  0x6a, 0x62, 0x5b, 0x56, 0x52, 0x4e, 0x4a, 0x47, 0x43, 0x41, 0x3e, 0x3b, 0x39, 0x36, 0x34, 0x32,
  0x30, 0x2e, 0x2c, 0x2a, 0x28, 0x27, 0x25, 0x24, 0x22, 0x21, 0x1f, 0x1e, 0x1c, 0x1b, 0x1a, 0x19,
  0x18, 0x16, 0x15, 0x14, 0x13, 0x12, 0x11, 0x10, 0x0f, 0x0f, 0x0e, 0x0d, 0x0c, 0x0b, 0x0b, 0x0a,
  0x09, 0x09, 0x08, 0x07, 0x07, 0x06, 0x06, 0x05, 0x05, 0x04, 0x04, 0x04, 0x03, 0x03, 0x02, 0x02,
  0x02, 0x01, 0x01, 0x01, 0x01, 0x00, 0x00, 0x00, 0x00, 0x00, 0x00, 0x00, 0x00, 0x00, 0x00, 0x21,
  0x33, 0xc0, 0x7e, 0xb7, 0xc0, 0x3a, 0x0e, 0xc0, 0x87, 0x87, 0x87, 0x6f, 0x3a, 0x29, 0xc0, 0x87,
  0x85, 0x6f, 0x26, 0x00, 0x11, 0xe3, 0x68, 0x19, 0x5e, 0x23, 0x56, 0x3a, 0x2a, 0xc0, 0x26, 0x00,
  0x6f, 0x4f, 0x19, 0x7e, 0xfe, 0xff, 0xc2, 0xd0, 0x2d, 0xaf, 0x32, 0x2a, 0xc0, 0xc3, 0xbe, 0x2d,
  0x59, 0x1c, 0x57, 0xfe, 0x60, 0xda, 0xdc, 0x2d, 0xd6, 0x60, 0x18, 0x04, 0xfe, 0x0e, 0x30, 0x07,
  0x23, 0x1c, 0x4e, 0x21, 0x32, 0xc0, 0x71, 0x21, 0x31, 0xc0, 0x72, 0x21, 0x00, 0x00, 0x3a, 0x38,
  0xc0, 0x32, 0x35, 0xc0, 0x7b, 0x32, 0x2a, 0xc0, 0x3e, 0xff, 0x32, 0x33, 0xc0, 0x2f, 0x32, 0x72,
  0xc0, 0x7a, 0x6f, 0x26, 0x00, 0x29, 0x01, 0x2f, 0x2e, 0x09, 0x4e, 0x23, 0x46, 0xed, 0x43, 0x36,
  0xc0, 0x7a, 0xfe, 0x60, 0xd8, 0xfe, 0x64, 0x38, 0x0a, 0xfe, 0x68, 0x38, 0x0c, 0x3e, 0x05, 0x32,
  0x2e, 0xc0, 0xc9, 0x3e, 0x03, 0x32, 0x2f, 0xc0, 0xc9, 0x3e, 0x03, 0x32, 0x30, 0xc0, 0xc9, 0x00,
  0x00, 0x00, 0x00, 0x55, 0x00, 0xaa, 0x00, 0x00, 0x01, 0x55, 0x01, 0xaa, 0x01, 0x00, 0x02, 0xab,
  0xff, 0x56, 0xff, 0x00, 0xff, 0xab, 0xfe, 0x56, 0xfe, 0x00, 0xfe, 0x00, 0x00, 0x00, 0x00, 0x00,
  0x00, 0x00, 0x00, 0x00, 0x00, 0x00, 0x00, 0x00, 0x00, 0x00, 0x00, 0x00, 0x00, 0x00, 0x00, 0x00,
  0x00, 0x00, 0x00, 0x55, 0x00, 0xaa, 0x00, 0x00, 0x01, 0x55, 0x01, 0xaa, 0x01, 0x00, 0x02, 0xaa,
  0x01, 0x55, 0x01, 0x00, 0x01, 0xaa, 0x00, 0xab, 0xff, 0x56, 0xff, 0x00, 0xff, 0xab, 0xfe, 0x56,
  0xfe, 0x00, 0xfe, 0x56, 0xfe, 0xab, 0xfe, 0x00, 0xff, 0x56, 0xff, 0x55, 0x00, 0xaa, 0x00, 0x00,
  0x01, 0x55, 0x01, 0xaa, 0x01, 0x00, 0x02, 0xab, 0xff, 0x56, 0xff, 0x00, 0xff, 0xab, 0xfe, 0x56,
  0xfe, 0x00, 0xfe, 0x00, 0x00, 0x00, 0x00, 0x00, 0x00, 0x00, 0x00, 0x00, 0x00, 0x00, 0x00, 0xaa,
  0x00, 0xaa, 0x00, 0xaa, 0x00, 0x55, 0x01, 0x55, 0x01, 0x55, 0x01, 0x00, 0x02, 0x00, 0x02, 0x00,
  0x02, 0x56, 0xff, 0x56, 0xff, 0x56, 0xff, 0xab, 0xfe, 0xab, 0xfe, 0xab, 0xfe, 0x00, 0xfe, 0x00,
  0xfe, 0x00, 0xfe, 0x00, 0x00, 0x00, 0x00, 0x00, 0x00, 0x00, 0x00, 0x00, 0x00, 0x00, 0x00, 0x00,
  0x00, 0x00, 0x00, 0x00, 0x00, 0x00, 0x00, 0x00, 0x00, 0x00, 0x00, 0x00, 0x00, 0x00, 0x00, 0x00,
  0x00, 0xaa, 0x00, 0x55, 0x01, 0x00, 0x02, 0x00, 0x00, 0x56, 0xff, 0xab, 0xfe, 0x00, 0xfe, 0x55,
  0x00, 0xaa, 0x00, 0x00, 0x01, 0x55, 0x01, 0xaa, 0x01, 0x00, 0x02, 0xab, 0xff, 0x56, 0xff, 0x00,
  0xff, 0xab, 0xfe, 0x56, 0xfe, 0x00, 0xfe, 0x00, 0x00, 0x3a, 0x13, 0xc0, 0xfe, 0x82, 0xc8, 0x26,
  0x00, 0x4d, 0x44, 0x09, 0x09, 0x01, 0x6a, 0x2f, 0x09, 0x11, 0x10, 0xc0, 0x06, 0x03, 0xb7, 0x1a,
  0x8e, 0x27, 0x12, 0x23, 0x13, 0x10, 0xf8, 0x3e, 0xff, 0x32, 0x16, 0xc0, 0xd0, 0x21, 0x01, 0xc0,
  0xcb, 0xce, 0x21, 0x0a, 0xc0, 0x0e, 0x99, 0x71, 0x23, 0x71, 0x23, 0x71, 0xc9, 0x21, 0x0a, 0xc0,
  0x11, 0x10, 0xc0, 0x06, 0x03, 0x48, 0xb7, 0x1a, 0x9e, 0x23, 0x13, 0x10, 0xfa, 0xd8, 0x3a, 0x01,
  0xc0, 0xcb, 0x4f, 0xc0, 0x2b, 0x1b, 0xeb, 0xed, 0xb8, 0xc9, 0x01, 0x00, 0x00, 0x02, 0x00, 0x00,
  0x03, 0x00, 0x00, 0x04, 0x00, 0x00, 0x05, 0x00, 0x00, 0x00, 0x01, 0x00, 0x21, 0x16, 0xc0, 0x7e,
  0xb7, 0xc8, 0x36, 0x00, 0x21, 0x12, 0xc0, 0x11, 0x06, 0x78, 0x0e, 0x03, 0xcf, 0xcb, 0xfb, 0x3e,
  0x30, 0x06, 0x02, 0xed, 0x6f, 0xf5, 0xfe, 0x30, 0x20, 0x08, 0xcb, 0x7b, 0x28, 0x06, 0x3e, 0x21,
  0x18, 0x02, 0xcb, 0xbb, 0xd3, 0xbe, 0xf5, 0xf1, 0xf1, 0x10, 0xe8, 0xed, 0x6f, 0x2b, 0x0d, 0x20,
  0xde, 0xc9, 0x11, 0x27, 0x78, 0xcf, 0x2a, 0x46, 0xc0, 0x11, 0x64, 0x00, 0x06, 0xff, 0xa7, 0xed,
  0x52, 0x04, 0x30, 0xfb, 0xcd, 0xdc, 0x2f, 0x11, 0x64, 0x00, 0x19, 0x1e, 0x0a, 0x06, 0xff, 0x7d,
  0x93, 0x04, 0x30, 0xfc, 0xf5, 0xcd, 0xdc, 0x2f, 0xf1, 0xc6, 0x0a, 0x47, 0x78, 0xc6, 0x30, 0xd3,
  0xbe, 0xc9, 0x21, 0x4c, 0xc0, 0x3a, 0x13, 0xc0, 0xfe, 0x04, 0x28, 0x2f, 0x2b, 0x3a, 0x60, 0xc0,
  0xb7, 0xc0, 0x35, 0xc0, 0x36, 0x3c, 0x23, 0x35, 0xf2, 0x1b, 0x30, 0x34, 0x2a, 0x46, 0xc0, 0x7d,
  0xb4, 0x21, 0x01, 0xc0, 0xc2, 0x15, 0x30, 0x3a, 0x20, 0xc2, 0xfe, 0x9e, 0xc0, 0xcb, 0xee, 0x3e,
  0x05, 0x32, 0x13, 0xc0, 0xc9, 0xcb, 0x56, 0xc0, 0xcb, 0xd6, 0xc9, 0x7e, 0x06, 0xff, 0x1e, 0x0a,
  0x93, 0x04, 0x30, 0xfc, 0x11, 0x0e, 0x78, 0xcd, 0x30, 0x30, 0xc6, 0x0a, 0x47, 0x11, 0x0f, 0x78,
  0xe5, 0xf5, 0xcb, 0x20, 0x26, 0x00, 0x68, 0x01, 0x49, 0x30, 0x09, 0x7e, 0x23, 0x46, 0xd7, 0x21,
  0x20, 0x00, 0x19, 0xeb, 0x78, 0xd7, 0xf1, 0xe1, 0xc9, 0x72, 0x73, 0x74, 0x75, 0x76, 0x77, 0x76,
  0x78, 0x79, 0x75, 0x7a, 0x78, 0x7a, 0x73, 0x7b, 0x75, 0x7c, 0x73, 0x7c, 0x78, 0x21, 0x4a, 0xc0,
  0x3a, 0x2f, 0xc2, 0xbe, 0xc8, 0x77, 0x87, 0x6f, 0x26, 0x00, 0x11, 0x7b, 0x30, 0x19, 0x11, 0x11,
  0x78, 0x7e, 0xd7, 0x23, 0x11, 0x31, 0x78, 0x7e, 0xc3, 0x10, 0x00, 0x3a, 0x3b, 0x3c, 0x3d, 0x3e,
  0x3f, 0x11, 0x3a, 0x78, 0xcf, 0x21, 0x5b, 0xc0, 0x7e, 0xc6, 0x30, 0xd3, 0xbe, 0xf5, 0xf1, 0x3e,
  0x6f, 0xd3, 0xbe, 0x2b, 0x1e, 0x00, 0x0e, 0x01, 0xc3, 0x8f, 0x2f, 0x2a, 0x5a, 0xc0, 0x7d, 0xb4,
  0xc8, 0x2a, 0x2b, 0xc0, 0xed, 0x4b, 0x5c, 0xc0, 0x09, 0x22, 0x5c, 0xc0, 0x7c, 0xd6, 0x02, 0xd8,
  0x21, 0x5d, 0xc0, 0x06, 0x01, 0x77, 0xd6, 0x02, 0x38, 0x0e, 0x04, 0x77, 0xd6, 0x02, 0x38, 0x08,
  0x04, 0x77, 0xd6, 0x02, 0x38, 0x02, 0x04, 0x77, 0xb7, 0x21, 0x5a, 0xc0, 0x7e, 0x98, 0x27, 0x77,
  0x23, 0x7e, 0xde, 0x00, 0x27, 0x77, 0x30, 0x06, 0x21, 0x00, 0x00, 0x22, 0x5a, 0xc0, 0x2a, 0x46,
  0xc0, 0x7c, 0xb7, 0x7d, 0x2e, 0x04, 0x28, 0x0f, 0xfe, 0x2c, 0xd2, 0x19, 0x2f, 0x2d, 0xfe, 0x15,
  0xd2, 0x19, 0x2f, 0x2d, 0xc3, 0x19, 0x2f, 0x2e, 0x01, 0xfe, 0x96, 0xd2, 0x19, 0x2f, 0x2d, 0xb7,
  0xc2, 0x19, 0x2f, 0xc9, 0x21, 0xe4, 0x31, 0x11, 0x18, 0x50, 0x01, 0x05, 0x18, 0xcd, 0x82, 0x31,
  0x11, 0x18, 0x70, 0x01, 0x05, 0x18, 0xcd, 0x82, 0x31, 0x21, 0xe4, 0x31, 0x11, 0xd0, 0x50, 0x01,
  0x05, 0x18, 0xcd, 0x82, 0x31, 0x11, 0xd0, 0x70, 0x01, 0x05, 0x18, 0xcd, 0x82, 0x31, 0x3e, 0x04,
  0x32, 0x60, 0xc0, 0x3e, 0xae, 0x32, 0x61, 0xc0, 0x3e, 0x05, 0x32, 0x67, 0xc0, 0xcd, 0x6b, 0x4d,
  0x3e, 0x81, 0x32, 0x00, 0xc3, 0x21, 0xec, 0x4c, 0x22, 0x01, 0xc3, 0xc9, 0x21, 0x60, 0xc0, 0x7e,
  0xb7, 0xc8, 0x23, 0x35, 0xc0, 0x36, 0x33, 0x2b, 0x35, 0xca, 0x97, 0x31, 0x6e, 0x26, 0x00, 0x5d,
  0x54, 0x29, 0x29, 0x19, 0x11, 0xd0, 0x31, 0x19, 0x4e, 0x23, 0x5e, 0x23, 0x56, 0x23, 0x7e, 0x23,
  0x66, 0x6f, 0x06, 0x08, 0xe5, 0xd5, 0xc5, 0xcd, 0x82, 0x31, 0xc1, 0xd1, 0x21, 0xb8, 0x00, 0x19,
  0xeb, 0xe1, 0xc5, 0xcf, 0x7e, 0xd3, 0xbe, 0xf5, 0xf1, 0x23, 0x10, 0xf8, 0xeb, 0x01, 0x00, 0x01,
  0x09, 0xeb, 0xc1, 0x0d, 0x20, 0xec, 0xc9, 0x3e, 0x0a, 0x32, 0x67, 0xc0, 0x2e, 0x00, 0x11, 0x18,
  0x50, 0x01, 0x05, 0x18, 0xcd, 0xc1, 0x31, 0x11, 0xd0, 0x50, 0x01, 0x05, 0x18, 0xcd, 0xc1, 0x31,
  0x2e, 0x0c, 0x11, 0x18, 0x70, 0x01, 0x05, 0x18, 0xcd, 0xc1, 0x31, 0x11, 0xd0, 0x70, 0x01, 0x05,
  0x18, 0xc5, 0xcf, 0x7d, 0xd3, 0xbe, 0xf5, 0xf1, 0x10, 0xf9, 0xeb, 0x01, 0x00, 0x01, 0x09, 0xeb,
  0xc1, 0x0d, 0x20, 0xed, 0xc9, 0x02, 0x20, 0x72, 0xe4, 0x32, 0x02, 0x20, 0x71, 0xd4, 0x32, 0x01,
  0x20, 0x71, 0xdc, 0x32, 0x00, 0x00, 0x01, 0x03, 0x03, 0x03, 0x03, 0x03, 0x00, 0xff, 0xff, 0xff,
  0xff, 0xff, 0x3c, 0x7e, 0x00, 0x00, 0x80, 0xc0, 0xc0, 0xc0, 0xc0, 0xc0, 0x03, 0x03, 0x03, 0x03,
  0x03, 0x03, 0x03, 0x03, 0xc3, 0x8d, 0x8d, 0x8d, 0xc3, 0xff, 0x3c, 0x7e, 0xc0, 0xc0, 0xc0, 0xc0,
  0xc0, 0xc0, 0xc0, 0xc0, 0x03, 0x03, 0x03, 0x03, 0x03, 0x03, 0x03, 0x03, 0xc3, 0x8d, 0x8d, 0x8d,
  0xc3, 0xff, 0x3c, 0x7e, 0xc0, 0xc0, 0xc0, 0xc0, 0xc0, 0xc0, 0xc0, 0xc0, 0x03, 0x03, 0x03, 0x03,
  0x03, 0x03, 0x03, 0x03, 0xc3, 0x8d, 0x8d, 0x8d, 0xc3, 0xff, 0x3c, 0x7e, 0xc0, 0xc0, 0xc0, 0xc0,
  0xc0, 0xc0, 0xc0, 0xc0, 0x01, 0x00, 0x00, 0x00, 0x00, 0x00, 0x00, 0x00, 0xff, 0xff, 0x3c, 0x3c,
  0x3c, 0x3c, 0x3c, 0x3c, 0x80, 0x00, 0x00, 0x00, 0x00, 0x00, 0x00, 0x00, 0x0c, 0x0c, 0x1c, 0x1c,
  0x1c, 0x1c, 0x1c, 0x1c, 0x00, 0x11, 0xff, 0x11, 0xee, 0xee, 0xfe, 0xfe, 0x0c, 0x0c, 0x1c, 0x1c,
  0x1c, 0x1c, 0x1c, 0x1c, 0x1c, 0x1c, 0x1c, 0x1c, 0x1c, 0x1c, 0x1c, 0x1c, 0xf1, 0xe1, 0xe1, 0xe1,
  0xe1, 0xee, 0xfe, 0xfe, 0x1c, 0x1c, 0x1c, 0x1c, 0x1c, 0x1c, 0x1c, 0x1c, 0x1c, 0x1c, 0x1c, 0x1c,
  0x1c, 0x1c, 0x1c, 0x1c, 0xf1, 0xe1, 0xe1, 0xe1, 0xe1, 0xee, 0xfe, 0xfe, 0x1c, 0x1c, 0x1c, 0x1c,
  0x1c, 0x1c, 0x1c, 0x1c, 0x1c, 0x1c, 0x1c, 0x1c, 0x1c, 0x1c, 0x1c, 0x1c, 0xf1, 0xe1, 0xe1, 0xe1,
  0xe1, 0xee, 0xee, 0x11, 0x1c, 0x1c, 0x1c, 0x1c, 0x1c, 0x1c, 0x1c, 0x1c, 0x1c, 0x0c, 0x0c, 0x0c,
  0x0c, 0x0c, 0x0c, 0x0c, 0xff, 0x11, 0xe0, 0x10, 0xe0, 0xe0, 0xf0, 0x10, 0x1c, 0x0c, 0x0c, 0x0c,
  0x0c, 0x0c, 0x0c, 0x0c, 0xf1, 0xe1, 0xe1, 0xe1, 0xe1, 0xee, 0xfe, 0xfe, 0xf8, 0xe8, 0xe8, 0xe8,
  0xe8, 0xee, 0xfe, 0xfe, 0xf1, 0xe1, 0xe1, 0xe1, 0xe1, 0xee, 0xfe, 0xfe, 0xf5, 0xe5, 0xe5, 0xe5,
  0xe5, 0xee, 0xee, 0x11, 0x3a, 0x15, 0xc0, 0xfe, 0x04, 0xc8, 0x2a, 0x46, 0xc0, 0x7d, 0xb4, 0x3e,
  0x01, 0x28, 0x0d, 0x3a, 0x37, 0xc0, 0xc6, 0x01, 0xcb, 0x7f, 0x28, 0x04, 0xed, 0x44, 0xf6, 0x80,
  0xcb, 0x27, 0x6f, 0x26, 0x00, 0x08, 0x29, 0x29, 0x08, 0x30, 0x07, 0xaf, 0x5f, 0x16, 0x40, 0xeb,
  0xed, 0x52, 0xed, 0x5b, 0x58, 0xc0, 0x19, 0x7c, 0xd6, 0x40, 0x38, 0x01, 0x67, 0x22, 0x58, 0xc0,
  0x4c, 0x06, 0x00, 0x21, 0x67, 0x33, 0x09, 0x11, 0x60, 0x78, 0x06, 0x03, 0xc5, 0xe5, 0xd5, 0xcd,
  0x51, 0x33, 0xe1, 0x11, 0x20, 0x00, 0x19, 0xeb, 0xc1, 0x21, 0x40, 0x00, 0x09, 0xc1, 0x10, 0xec,
  0xc9, 0x06, 0x20, 0xcf, 0x11, 0x40, 0x00, 0x7e, 0xd3, 0xbe, 0x23, 0x05, 0xc8, 0x0c, 0x79, 0xbb,
  0x38, 0xf5, 0xed, 0x52, 0x4a, 0x18, 0xf0, 0x21, 0x21, 0x21, 0x21, 0x21, 0x21, 0x21, 0x21, 0x21,
  0x21, 0x21, 0x21, 0x21, 0x21, 0x21, 0x21, 0x21, 0x21, 0x21, 0x22, 0x23, 0x24, 0x25, 0x26, 0x21,
  0x21, 0x21, 0x21, 0x21, 0x21, 0x21, 0x21, 0x21, 0x21, 0x21, 0x21, 0x21, 0x21, 0x21, 0x21, 0x21,
  0x21, 0x21, 0x21, 0x21, 0x21, 0x21, 0x21, 0x21, 0x21, 0x21, 0x22, 0x23, 0x24, 0x25, 0x26, 0x21,
  0x21, 0x21, 0x21, 0x21, 0x21, 0x21, 0x21, 0x21, 0x21, 0x21, 0x21, 0x21, 0x21, 0x21, 0x21, 0x22,
  0x23, 0x24, 0x25, 0x26, 0x21, 0x21, 0x21, 0x21, 0x21, 0x21, 0x27, 0x28, 0x29, 0x2a, 0x2b, 0x21,
  0x21, 0x22, 0x23, 0x24, 0x25, 0x26, 0x21, 0x21, 0x21, 0x21, 0x21, 0x21, 0x21, 0x21, 0x21, 0x22,
  0x23, 0x24, 0x25, 0x26, 0x21, 0x21, 0x21, 0x21, 0x21, 0x21, 0x27, 0x28, 0x29, 0x2a, 0x2b, 0x21,
  0x21, 0x22, 0x23, 0x24, 0x25, 0x26, 0x21, 0x21, 0x21, 0x21, 0x21, 0x21, 0x21, 0x21, 0x21, 0x27,
  0x28, 0x29, 0x2a, 0x2b, 0x21, 0x21, 0x21, 0x21, 0x21, 0x21, 0x21, 0x21, 0x21, 0x21, 0x21, 0x21,
  0x21, 0x27, 0x28, 0x29, 0x2a, 0x2b, 0x21, 0x21, 0x21, 0x21, 0x21, 0x21, 0x21, 0x21, 0x21, 0x27,
  0x28, 0x29, 0x2a, 0x2b, 0x21, 0x21, 0x21, 0x21, 0x21, 0x21, 0x21, 0x21, 0x21, 0x21, 0x21, 0x21,
  0x21, 0x27, 0x28, 0x29, 0x2a, 0x2b, 0x21, 0x3a, 0x31, 0xc0, 0xd6, 0x74, 0x20, 0x0f, 0x32, 0x55,
  0xc0, 0x32, 0x53, 0xc0, 0x32, 0x56, 0xc0, 0x32, 0x50, 0xc0, 0x32, 0x52, 0xc0, 0x3a, 0x53, 0xc0,
  0xb7, 0xc0, 0x3a, 0x31, 0xc0, 0x3d, 0xc8, 0x2a, 0x46, 0xc0, 0x7d, 0xb4, 0xc8, 0x3a, 0x37, 0xc0,
  0xb7, 0xc8, 0xcb, 0x7f, 0x28, 0x04, 0xed, 0x44, 0xf6, 0x80, 0x4f, 0x21, 0x46, 0xc0, 0x46, 0x23,
  0x7e, 0x0f, 0x78, 0x1f, 0xfe, 0x4b, 0x79, 0x30, 0x01, 0x3d, 0x32, 0x51, 0xc0, 0xcb, 0x27, 0x6f,
  0x08, 0x26, 0x00, 0x29, 0x29, 0x29, 0x29, 0x08, 0xd2, 0x82, 0x34, 0xaf, 0x5f, 0x16, 0x40, 0xeb,
  0xed, 0x52, 0xed, 0x5b, 0x4f, 0xc0, 0x19, 0x7c, 0xd6, 0x40, 0x38, 0x01, 0x67, 0x22, 0x4f, 0xc0,
  0x4c, 0x06, 0x00, 0x2a, 0x70, 0xc0, 0x09, 0x11, 0x60, 0x79, 0x06, 0x03, 0x3a, 0x55, 0xc0, 0xb7,
  0x28, 0x38, 0x3a, 0x31, 0xc0, 0xfe, 0x68, 0x38, 0x05, 0x3e, 0x01, 0x32, 0x56, 0xc0, 0x3a, 0x56,
  0xc0, 0xb7, 0xca, 0x3c, 0x33, 0x3a, 0x51, 0xc0, 0x07, 0x3a, 0x50, 0xc0, 0x38, 0x06, 0xfe, 0x20,
  0x30, 0x11, 0x18, 0x04, 0xfe, 0x20, 0x38, 0x0b, 0xfe, 0x00, 0x28, 0x07, 0x3e, 0x01, 0x32, 0x52,
  0xc0, 0x18, 0x07, 0x3a, 0x52, 0xc0, 0xb7, 0xca, 0x3c, 0x33, 0xc5, 0xe5, 0xd5, 0xcd, 0xef, 0x34,
  0xe1, 0x11, 0x20, 0x00, 0x19, 0xeb, 0xc1, 0x21, 0x40, 0x00, 0x09, 0xc1, 0x10, 0xec, 0xc9, 0x06,
  0x20, 0xcf, 0x3a, 0x55, 0xc0, 0xb7, 0x3a, 0x51, 0xc0, 0x20, 0x05, 0x07, 0x30, 0x48, 0x18, 0x03,
  0x07, 0x38, 0x43, 0x3a, 0x50, 0xc0, 0xb7, 0x28, 0x39, 0x7e, 0xd3, 0xbe, 0x23, 0x05, 0xc8, 0x0c,
  0x3a, 0x50, 0xc0, 0xfe, 0x19, 0x20, 0x05, 0x3e, 0x01, 0x32, 0x55, 0xc0, 0x79, 0xfe, 0x40, 0x38,
  0xe8, 0x3a, 0x50, 0xc0, 0xb7, 0x20, 0x05, 0x3e, 0x01, 0x32, 0x53, 0xc0, 0x3a, 0x55, 0xc0, 0xb7,
  0x20, 0x03, 0x32, 0x53, 0xc0, 0x3a, 0x15, 0xc0, 0xfe, 0x04, 0x3e, 0x00, 0x20, 0xcc, 0x3e, 0x61,
  0x18, 0xc8, 0x0e, 0x40, 0x18, 0xef, 0x3a, 0x50, 0xc0, 0xfe, 0x21, 0x20, 0x05, 0x3e, 0x01, 0x32,
  0x55, 0xc0, 0x11, 0x40, 0x00, 0x79, 0xfe, 0x20, 0x30, 0x2c, 0x90, 0xed, 0x44, 0x57, 0x90, 0xed,
  0x44, 0x47, 0x3a, 0x15, 0xc0, 0xfe, 0x04, 0x3e, 0x00, 0x20, 0x02, 0x3e, 0x61, 0xd3, 0xbe, 0x23,
  0x0c, 0x15, 0x20, 0xf9, 0x78, 0xb7, 0x20, 0x0d, 0x3c, 0x32, 0x53, 0xc0, 0x3a, 0x55, 0xc0, 0xb7,
  0xc0, 0x32, 0x53, 0xc0, 0xc9, 0x79, 0xbb, 0x38, 0x04, 0xaf, 0xed, 0x52, 0x4f, 0x7e, 0xd3, 0xbe,
  0x23, 0x0c, 0x10, 0xf1, 0xc9, 0xdd, 0xcb, 0x00, 0x7e, 0x20, 0x18, 0xdd, 0xcb, 0x00, 0xfe, 0xcd,
  0x09, 0x39, 0xdd, 0x36, 0x0b, 0x60, 0xdd, 0x77, 0x09, 0xdd, 0x36, 0x04, 0x00, 0x21, 0xec, 0x35,
  0xc3, 0x42, 0x06, 0xcd, 0x88, 0x49, 0xcd, 0x67, 0x39, 0xcd, 0x17, 0x39, 0x21, 0x50, 0xc2, 0xcb,
  0x7e, 0x3e, 0x02, 0x20, 0x02, 0x3e, 0x01, 0x32, 0x21, 0xc0, 0xcd, 0x20, 0x3a, 0xcd, 0x13, 0x05,
  0xdd, 0x7e, 0x0b, 0xfe, 0xb0, 0xd2, 0x33, 0x3b, 0xd6, 0x60, 0x4f, 0x06, 0x00, 0x21, 0x80, 0xc1,
  0x09, 0x7e, 0xcd, 0x67, 0x3b, 0x86, 0xdd, 0x77, 0x09, 0xc3, 0xf5, 0x05, 0x02, 0x01, 0xfd, 0x00,
  0x00, 0x00, 0x00, 0x02, 0x00, 0x01, 0xfd, 0x00, 0xfe, 0x00, 0x00, 0x02, 0x00, 0x01, 0xfd, 0x00,
  0x02, 0x00, 0x00, 0x02, 0x00, 0x01, 0x02, 0x01, 0xfc, 0x00, 0x05, 0x04, 0x38, 0x02, 0x80, 0x01,
  0xfe, 0x00, 0x01, 0x01, 0x3c, 0x02, 0x84, 0x01, 0xfe, 0x00, 0x07, 0x07, 0x40, 0x02, 0x88, 0x01,
  0x02, 0x01, 0x00, 0x00, 0x04, 0x04, 0x2c, 0x02, 0x74, 0x01, 0x00, 0x00, 0xfe, 0xfd, 0x30, 0x02,
  0x78, 0x01, 0x00, 0x00, 0x0a, 0x07, 0x34, 0x02, 0x7c, 0x01, 0x04, 0x01, 0xec, 0xfc, 0xf0, 0x00,
  0x03, 0x03, 0x03, 0x03, 0x1c, 0x02, 0x20, 0x02, 0x64, 0x01, 0x68, 0x01, 0xfe, 0x00, 0xfe, 0x00,
  0xfc, 0xfb, 0xfc, 0xfb, 0x24, 0x02, 0x6c, 0x01, 0x24, 0x02, 0x6c, 0x01, 0xfe, 0x00, 0xfe, 0x00,
  0x0a, 0x07, 0x0a, 0x07, 0x28, 0x02, 0x70, 0x01, 0x28, 0x02, 0x70, 0x01, 0x05, 0x01, 0xf0, 0x00,
  0xf0, 0x00, 0xf0, 0x01, 0x01, 0x01, 0x01, 0x01, 0x04, 0x02, 0x08, 0x02, 0x44, 0x01, 0x48, 0x01,
  0x04, 0x02, 0xf1, 0x01, 0xf1, 0x01, 0x08, 0xf5, 0xf5, 0xf5, 0xf6, 0x00, 0x0c, 0x02, 0x10, 0x02,
  0x4c, 0x01, 0x50, 0x01, 0x54, 0x01, 0xf1, 0x01, 0xf1, 0x01, 0x08, 0x0d, 0x0b, 0x0d, 0x0b, 0x00,
  0x14, 0x02, 0x18, 0x02, 0x58, 0x01, 0x5c, 0x01, 0x60, 0x01, 0xdd, 0xcb, 0x00, 0x7e, 0x20, 0x18,
  0xdd, 0xcb, 0x00, 0xfe, 0xdd, 0x36, 0x0b, 0x60, 0xcd, 0x10, 0x39, 0xdd, 0x77, 0x09, 0xdd, 0x36,
  0x04, 0x00, 0x21, 0xec, 0x35, 0xc3, 0x42, 0x06, 0xcd, 0x88, 0x49, 0xcd, 0x67, 0x39, 0xcd, 0x17,
  0x39, 0x21, 0x50, 0xc2, 0xcb, 0x7e, 0x3e, 0x02, 0x20, 0x05, 0xdd, 0x7e, 0x0b, 0x3e, 0x01, 0x32,
  0x21, 0xc0, 0xcd, 0x20, 0x3a, 0xcd, 0x13, 0x05, 0xdd, 0x7e, 0x0b, 0xfe, 0xb0, 0xd2, 0xa1, 0x3c,
  0xd6, 0x60, 0x4f, 0x06, 0x00, 0x21, 0xd0, 0xc1, 0x09, 0x7e, 0xcd, 0xd2, 0x3c, 0x96, 0xdd, 0x77,
  0x09, 0xc3, 0xf5, 0x05, 0xdd, 0xcb, 0x00, 0x7e, 0x20, 0x18, 0xdd, 0xcb, 0x00, 0xfe, 0xdd, 0x36,
  0x0b, 0x60, 0xcd, 0x09, 0x39, 0xdd, 0x77, 0x09, 0xdd, 0x36, 0x04, 0x00, 0x21, 0xec, 0x35, 0xc3,
  0x42, 0x06, 0xcd, 0x88, 0x49, 0xcd, 0x67, 0x39, 0xcd, 0x17, 0x39, 0x21, 0x50, 0xc2, 0xcb, 0x7e,
  0x3e, 0x02, 0x20, 0x02, 0x3e, 0x01, 0x32, 0x21, 0xc0, 0xcd, 0x20, 0x3a, 0xcd, 0x13, 0x05, 0xdd,
  0x7e, 0x0b, 0xfe, 0xb0, 0xd2, 0xf5, 0x05, 0xd6, 0x60, 0x4f, 0x06, 0x00, 0x21, 0x80, 0xc1, 0x09,
  0x7e, 0xcd, 0x62, 0x3b, 0x86, 0xdd, 0x77, 0x09, 0xc3, 0xf5, 0x05, 0xdd, 0xcb, 0x00, 0x7e, 0x20,
  0x16, 0xdd, 0xcb, 0x00, 0xfe, 0xdd, 0x36, 0x0b, 0xd0, 0xdd, 0x36, 0x09, 0x28, 0xdd, 0x36, 0x04,
  0x00, 0x21, 0x6c, 0x36, 0xc3, 0x42, 0x06, 0xcd, 0x88, 0x49, 0xcd, 0x67, 0x39, 0xcd, 0x3f, 0x39,
  0x21, 0x50, 0xc2, 0xcb, 0x7e, 0x3e, 0x02, 0x20, 0x02, 0x3e, 0x01, 0x32, 0x21, 0xc0, 0xcd, 0x20,
  0x3a, 0xcd, 0x13, 0x05, 0xdd, 0x7e, 0x0b, 0xfe, 0xb0, 0xd2, 0x33, 0x3b, 0xd6, 0x60, 0x4f, 0x06,
  0x00, 0x21, 0x80, 0xc1, 0x09, 0x7e, 0xcd, 0x67, 0x3b, 0x86, 0xdd, 0x77, 0x09, 0xc3, 0xf5, 0x05,
  0xdd, 0xcb, 0x00, 0x7e, 0x20, 0x16, 0xdd, 0xcb, 0x00, 0xfe, 0xdd, 0x36, 0x0b, 0xc0, 0xdd, 0x36,
  0x09, 0xc0, 0xdd, 0x36, 0x04, 0x00, 0x21, 0x6c, 0x36, 0xc3, 0x42, 0x06, 0xcd, 0x88, 0x49, 0xcd,
  0x67, 0x39, 0xcd, 0x3f, 0x39, 0x21, 0x50, 0xc2, 0xcb, 0x7e, 0x3e, 0x02, 0x20, 0x05, 0xdd, 0x7e,
  0x0b, 0x3e, 0x01, 0x32, 0x21, 0xc0, 0xcd, 0x20, 0x3a, 0xcd, 0x13, 0x05, 0xdd, 0x7e, 0x0b, 0xfe,
  0xb0, 0xd2, 0xa1, 0x3c, 0xd6, 0x60, 0x4f, 0x06, 0x00, 0x21, 0xd0, 0xc1, 0x09, 0x7e, 0xcd, 0xd2,
  0x3c, 0x96, 0xdd, 0x77, 0x09, 0xc3, 0xf5, 0x05, 0xdd, 0xcb, 0x00, 0x7e, 0x20, 0x16, 0xdd, 0xcb,
  0x00, 0xfe, 0xdd, 0x36, 0x0b, 0xd0, 0xdd, 0x36, 0x09, 0x28, 0xdd, 0x36, 0x04, 0x00, 0x21, 0x6c,
  0x36, 0xc3, 0x42, 0x06, 0xcd, 0x88, 0x49, 0xcd, 0x67, 0x39, 0xcd, 0x3f, 0x39, 0x21, 0x50, 0xc2,
  0xcb, 0x7e, 0x3e, 0x02, 0x20, 0x02, 0x3e, 0x01, 0x32, 0x21, 0xc0, 0xcd, 0x20, 0x3a, 0xcd, 0x13,
  0x05, 0xdd, 0x7e, 0x0b, 0xfe, 0xb0, 0xd2, 0x33, 0x3b, 0xd6, 0x60, 0x4f, 0x06, 0x00, 0x21, 0x80,
  0xc1, 0x09, 0x7e, 0xcd, 0x6c, 0x3b, 0x86, 0xdd, 0x77, 0x09, 0xc3, 0xf5, 0x05, 0xdd, 0xcb, 0x00,
  0x7e, 0x20, 0x18, 0xdd, 0xcb, 0x00, 0xfe, 0xdd, 0x36, 0x0b, 0x60, 0xcd, 0x10, 0x39, 0xdd, 0x77,
  0x09, 0xdd, 0x36, 0x04, 0x00, 0x21, 0xec, 0x35, 0xc3, 0x42, 0x06, 0xcd, 0x88, 0x49, 0xcd, 0x67,
  0x39, 0xcd, 0x17, 0x39, 0x21, 0x50, 0xc2, 0xcb, 0x7e, 0x3e, 0x02, 0x20, 0x02, 0x3e, 0x01, 0x32,
  0x21, 0xc0, 0xcd, 0x20, 0x3a, 0xcd, 0x13, 0x05, 0xdd, 0x7e, 0x0b, 0xfe, 0xb0, 0xd2, 0xf5, 0x05,
  0xd6, 0x60, 0x4f, 0x06, 0x00, 0x21, 0xd0, 0xc1, 0x09, 0x7e, 0xcd, 0xd7, 0x3c, 0x96, 0xdd, 0x77,
  0x09, 0xc3, 0xf5, 0x05, 0xdd, 0xcb, 0x00, 0x7e, 0x20, 0x16, 0xdd, 0xcb, 0x00, 0xfe, 0xdd, 0x36,
  0x0b, 0xd0, 0xdd, 0x36, 0x09, 0xc0, 0xdd, 0x36, 0x04, 0x00, 0x21, 0x6c, 0x36, 0xc3, 0x42, 0x06,
  0xcd, 0x88, 0x49, 0xcd, 0x67, 0x39, 0xcd, 0x3f, 0x39, 0x21, 0x50, 0xc2, 0xcb, 0x7e, 0x3e, 0x02,
  0x20, 0x02, 0x3e, 0x01, 0x32, 0x21, 0xc0, 0xcd, 0x20, 0x3a, 0xcd, 0x13, 0x05, 0xdd, 0x7e, 0x0b,
  0xfe, 0xb0, 0xd2, 0xa1, 0x3c, 0xd6, 0x60, 0x4f, 0x06, 0x00, 0x21, 0xd0, 0xc1, 0x09, 0x7e, 0xcd,
  0xdc, 0x3c, 0x96, 0xdd, 0x77, 0x09, 0xc3, 0xf5, 0x05, 0x21, 0x80, 0xc1, 0x7e, 0xc6, 0x04, 0xc9,
  0x21, 0xd0, 0xc1, 0x7e, 0xd6, 0x06, 0xc9, 0xcd, 0xe7, 0x47, 0xcd, 0x8c, 0x39, 0x22, 0x24, 0xc0,
  0xeb, 0xdd, 0x7e, 0x0e, 0xfe, 0x20, 0xc0, 0x21, 0x50, 0xc2, 0xcb, 0x7e, 0x20, 0x09, 0x2a, 0x52,
  0xc2, 0xed, 0x52, 0x22, 0x52, 0xc2, 0xc9, 0x2a, 0x52, 0xc2, 0x19, 0x22, 0x52, 0xc2, 0xc9, 0xcd,
  0xe7, 0x47, 0xcd, 0x8c, 0x39, 0x22, 0x24, 0xc0, 0xeb, 0xdd, 0x7e, 0x0e, 0xfe, 0x20, 0xc0, 0x21,
  0x50, 0xc2, 0xcb, 0x7e, 0x28, 0x09, 0x2a, 0x56, 0xc2, 0xed, 0x52, 0x22, 0x56, 0xc2, 0xc9, 0x2a,
  0x56, 0xc2, 0x19, 0x22, 0x56, 0xc2, 0xc9, 0x0e, 0x00, 0xdd, 0x7e, 0x0b, 0xfe, 0x90, 0x38, 0x06,
  0xfe, 0xb8, 0x30, 0x02, 0x0e, 0x01, 0xdd, 0x7e, 0x14, 0xa9, 0xc8, 0x79, 0xb7, 0x21, 0xb3, 0x4c,
  0x20, 0x03, 0x21, 0xc2, 0x4c, 0x22, 0x01, 0xc3, 0xdd, 0x71, 0x14, 0xc9, 0xdd, 0x7e, 0x0b, 0xfe,
  0x6d, 0x38, 0x19, 0xfe, 0x7a, 0x38, 0x1e, 0xfe, 0x87, 0x38, 0x23, 0xfe, 0x94, 0x38, 0x28, 0xfe,
  0xa1, 0x38, 0x2d, 0xcd, 0xd9, 0x39, 0x11, 0x95, 0x00, 0xc3, 0xf4, 0x04, 0xcd, 0xd9, 0x39, 0x11,
  0x10, 0x00, 0xc3, 0xf4, 0x04, 0xcd, 0xd9, 0x39, 0x11, 0x2a, 0x00, 0xc3, 0xf4, 0x04, 0xcd, 0xd9,
  0x39, 0x11, 0x40, 0x00, 0xc3, 0xf4, 0x04, 0xcd, 0xd9, 0x39, 0x11, 0x60, 0x00, 0xc3, 0xf4, 0x04,
  0xcd, 0xd9, 0x39, 0x11, 0x70, 0x00, 0xc3, 0xf4, 0x04, 0x21, 0x46, 0xc0, 0x46, 0x23, 0x7e, 0x0f,
  0x78, 0x1f, 0xb7, 0x1f, 0xb7, 0x1f, 0x21, 0x50, 0xc2, 0xcb, 0xfe, 0xfe, 0x16, 0x30, 0x20, 0xcb,
  0xbe, 0xb7, 0x20, 0x03, 0x3e, 0x05, 0xc9, 0xfe, 0x06, 0x30, 0x03, 0x3e, 0x04, 0xc9, 0xfe, 0x0c,
  0x30, 0x03, 0x3e, 0x03, 0xc9, 0xfe, 0x12, 0x30, 0x03, 0x3e, 0x02, 0xc9, 0x3e, 0x01, 0xc9, 0xfe,
  0x1f, 0x30, 0x03, 0x3e, 0x01, 0xc9, 0xfe, 0x24, 0x30, 0x03, 0x3e, 0x02, 0xc9, 0x3e, 0x03, 0xc9,
  0xdd, 0x56, 0x0f, 0x1e, 0x00, 0x21, 0x73, 0x3a, 0x06, 0x04, 0xdd, 0x7e, 0x0b, 0xbe, 0x38, 0x04,
  0x23, 0x1c, 0x10, 0xf9, 0xdd, 0x7e, 0x00, 0xfe, 0x91, 0xd2, 0x77, 0x3a, 0x42, 0x4b, 0x78, 0x91,
  0xc8, 0xdd, 0x71, 0x0f, 0x79, 0x21, 0x69, 0x3a, 0xdf, 0xcd, 0x46, 0x06, 0x79, 0xfe, 0x04, 0xc8,
  0xdd, 0x6e, 0x0e, 0x26, 0xc1, 0x0e, 0x08, 0x06, 0x00, 0x09, 0xfe, 0x03, 0x28, 0x07, 0x36, 0xe0,
  0x0e, 0x04, 0x09, 0x36, 0xe0, 0x09, 0x36, 0xe0, 0xc9, 0xec, 0x35, 0x06, 0x36, 0x20, 0x36, 0x3a,
  0x36, 0x6c, 0x36, 0x64, 0x72, 0x7d, 0x8c, 0x42, 0x4b, 0x78, 0x91, 0xc8, 0xdd, 0x71, 0x0f, 0xdd,
  0x7e, 0x00, 0xfe, 0x93, 0xd2, 0xa8, 0x3a, 0x3a, 0x15, 0xc0, 0xfe, 0x04, 0x20, 0x07, 0xdd, 0x7e,
  0x00, 0xfe, 0x92, 0x28, 0x0c, 0x79, 0x21, 0x01, 0x3b, 0xdf, 0x3a, 0x15, 0xc0, 0x3d, 0xc3, 0xb0,
  0x3a, 0x79, 0x21, 0xf9, 0x3a, 0xc3, 0xb0, 0x3a, 0xfe, 0x95, 0x30, 0x08, 0x21, 0xd1, 0x3a, 0x79,
  0xdf, 0xc3, 0x46, 0x06, 0xfe, 0x97, 0x30, 0x06, 0x21, 0xdb, 0x3a, 0xc3, 0xaf, 0x3a, 0x3a, 0x15,
  0xc0, 0xfe, 0x05, 0x28, 0x06, 0x21, 0xe5, 0x3a, 0xc3, 0xaf, 0x3a, 0x21, 0xef, 0x3a, 0xc3, 0xaf,
  0x3a, 0x10, 0x46, 0xe6, 0x46, 0xf0, 0x46, 0xfa, 0x46, 0x04, 0x47, 0x10, 0x46, 0x0e, 0x47, 0x18,
  0x47, 0x22, 0x47, 0x2c, 0x47, 0xa8, 0x47, 0xae, 0x47, 0xb4, 0x47, 0xbe, 0x47, 0xc8, 0x47, 0x76,
  0x47, 0x7c, 0x47, 0x82, 0x47, 0x8c, 0x47, 0x96, 0x47, 0x10, 0x46, 0x36, 0x47, 0x40, 0x47, 0x52,
  0x47, 0x64, 0x47, 0x0b, 0x3b, 0x15, 0x3b, 0x1f, 0x3b, 0x29, 0x3b, 0xae, 0x46, 0x16, 0x46, 0x3e,
  0x46, 0x6e, 0x46, 0xae, 0x46, 0xb8, 0x46, 0x20, 0x46, 0x48, 0x46, 0x78, 0x46, 0xb8, 0x46, 0xc2,
  0x46, 0x2a, 0x46, 0x52, 0x46, 0x8a, 0x46, 0xc2, 0x46, 0xd4, 0x46, 0x34, 0x46, 0x5c, 0x46, 0x9c,
  0x46, 0xd4, 0x46, 0xd6, 0xb0, 0x4f, 0x06, 0x00, 0x21, 0xe1, 0x3b, 0x09, 0x7e, 0x08, 0x21, 0xc1,
  0x3b, 0x09, 0xdd, 0x7e, 0x00, 0xfe, 0x91, 0x30, 0x0c, 0xfe, 0x86, 0x28, 0x0f, 0x08, 0x86, 0xdd,
  0x77, 0x09, 0xc3, 0xf5, 0x05, 0x08, 0x96, 0xda, 0x4c, 0x05, 0x18, 0xf3, 0x08, 0x86, 0xd6, 0x05,
  0x18, 0xed, 0x21, 0x01, 0x3c, 0x09, 0xc9, 0x21, 0x71, 0x3b, 0x09, 0xc9, 0x21, 0x51, 0x3c, 0x09,
  0xc9, 0x04, 0x04, 0x04, 0x05, 0x05, 0x06, 0x06, 0x06, 0x06, 0x07, 0x07, 0x07, 0x08, 0x08, 0x08,
  0x08, 0x09, 0x09, 0x09, 0x09, 0x0a, 0x0a, 0x0a, 0x0a, 0x0a, 0x0b, 0x0b, 0x0b, 0x0c, 0x0c, 0x0c,
  0x0c, 0x0d, 0x0d, 0x0d, 0x0d, 0x0e, 0x0e, 0x0e, 0x0f, 0x0f, 0x0f, 0x0f, 0x10, 0x10, 0x10, 0x10,
  0x11, 0x11, 0x11, 0x11, 0x12, 0x12, 0x12, 0x13, 0x13, 0x13, 0x14, 0x14, 0x14, 0x14, 0x14, 0x15,
  0x15, 0x15, 0x15, 0x16, 0x16, 0x16, 0x16, 0x17, 0x17, 0x17, 0x18, 0x18, 0x18, 0x18, 0x18, 0x19,
  0x19, 0x19, 0x19, 0x1a, 0x1a, 0x1a, 0x1a, 0x1b, 0x1b, 0x1b, 0x1b, 0x1c, 0x1c, 0x1c, 0x1c, 0x1d,
  0x1d, 0x1d, 0x1d, 0x1e, 0x1e, 0x1e, 0x1e, 0x1f, 0x1f, 0x1f, 0x1f, 0x20, 0x20, 0x20, 0x20, 0x21,
  0x21, 0x20, 0x1f, 0x1e, 0x1d, 0x1c, 0x1b, 0x1a, 0x19, 0x18, 0x17, 0x16, 0x15, 0x14, 0x13, 0x12,
  0x11, 0x10, 0x0f, 0x0e, 0x0d, 0x0c, 0x0b, 0x0a, 0x09, 0x08, 0x07, 0x06, 0x05, 0x04, 0x03, 0x02,
  0x01, 0x10, 0x10, 0x10, 0x10, 0x10, 0x10, 0x10, 0x10, 0x10, 0x10, 0x11, 0x11, 0x11, 0x11, 0x12,
  0x12, 0x12, 0x13, 0x13, 0x14, 0x14, 0x15, 0x16, 0x16, 0x17, 0x18, 0x19, 0x1a, 0x1a, 0x1a, 0x1b,
  0x1c, 0x20, 0x21, 0x22, 0x24, 0x24, 0x26, 0x28, 0x2a, 0x2a, 0x2b, 0x2d, 0x2f, 0x31, 0x33, 0x34,
  0x35, 0x37, 0x38, 0x3a, 0x3c, 0x3d, 0x3f, 0x41, 0x43, 0x44, 0x46, 0x48, 0x49, 0x4a, 0x4b, 0x4c,
  0x4e, 0x4e, 0x4e, 0x4f, 0x4f, 0x4f, 0x50, 0x50, 0x50, 0x50, 0x50, 0x51, 0x51, 0x51, 0x52, 0x52,
  0x52, 0x11, 0x13, 0x14, 0x16, 0x19, 0x1a, 0x1b, 0x1c, 0x1e, 0x22, 0x24, 0x25, 0x27, 0x28, 0x2a,
  0x2b, 0x2c, 0x2d, 0x2d, 0x2e, 0x2f, 0x2f, 0x2f, 0x2f, 0x2e, 0x2e, 0x2e, 0x2d, 0x2c, 0x2b, 0x2a,
  0x29, 0x27, 0x26, 0x25, 0x24, 0x23, 0x22, 0x22, 0x21, 0x21, 0x21, 0x21, 0x21, 0x20, 0x20, 0x20,
  0x1e, 0x1e, 0x1c, 0x1c, 0x1a, 0x1a, 0x19, 0x19, 0x19, 0x17, 0x17, 0x17, 0x17, 0x15, 0x15, 0x15,
  0x15, 0x14, 0x14, 0x14, 0x13, 0x13, 0x13, 0x12, 0x12, 0x11, 0x11, 0x11, 0x10, 0x10, 0x10, 0x10,
  0x10, 0xd6, 0xb0, 0x4f, 0x06, 0x00, 0x21, 0x51, 0x3d, 0x09, 0x7e, 0x08, 0x21, 0x31, 0x3d, 0x09,
  0xdd, 0x7e, 0x00, 0xfe, 0x91, 0x30, 0x0c, 0xfe, 0x88, 0x28, 0x11, 0x08, 0x96, 0xdd, 0x77, 0x09,
  0xc3, 0xf5, 0x05, 0x08, 0x86, 0xda, 0x4c, 0x05, 0xd6, 0x06, 0x18, 0xf1, 0x08, 0x96, 0xc6, 0x0c,
  0x18, 0xeb, 0x21, 0xe1, 0x3c, 0x09, 0xc9, 0x21, 0x71, 0x3d, 0x09, 0xc9, 0x21, 0xc1, 0x3d, 0x09,
  0xc9, 0x0c, 0x0c, 0x0c, 0x0d, 0x0d, 0x0e, 0x0e, 0x0e, 0x0e, 0x0f, 0x0f, 0x0f, 0x10, 0x10, 0x10,
  0x10, 0x11, 0x11, 0x11, 0x11, 0x12, 0x12, 0x12, 0x12, 0x12, 0x13, 0x13, 0x13, 0x14, 0x14, 0x14,
  0x14, 0x15, 0x15, 0x15, 0x15, 0x16, 0x16, 0x16, 0x17, 0x17, 0x17, 0x17, 0x18, 0x18, 0x18, 0x18,
  0x19, 0x19, 0x19, 0x19, 0x1a, 0x1a, 0x1a, 0x1b, 0x1b, 0x1b, 0x1b, 0x1c, 0x1c, 0x1c, 0x1c, 0x1d,
  0x1d, 0x1d, 0x1d, 0x1e, 0x1e, 0x1e, 0x1e, 0x1f, 0x1f, 0x1f, 0x20, 0x20, 0x20, 0x20, 0x20, 0x21,
  0x21, 0x21, 0x21, 0x22, 0x22, 0x22, 0x23, 0x23, 0x23, 0x24, 0x24, 0x24, 0x25, 0x25, 0x25, 0x26,
  0x26, 0x26, 0x27, 0x27, 0x27, 0x28, 0x28, 0x28, 0x29, 0x29, 0x29, 0x29, 0x2a, 0x2a, 0x2a, 0x2b,
  0x2b, 0xd8, 0xd9, 0xda, 0xdb, 0xdc, 0xdd, 0xde, 0xdf, 0xe0, 0xe1, 0xe2, 0xe3, 0xe4, 0xe5, 0xe6,
  0xe7, 0xe8, 0xe9, 0xea, 0xeb, 0xec, 0xed, 0xee, 0xef, 0xf0, 0xf1, 0xf2, 0xf3, 0xf4, 0xf5, 0xf6,
  0xf7, 0x08, 0x08, 0x08, 0x08, 0x08, 0x08, 0x08, 0x08, 0x08, 0x08, 0x09, 0x09, 0x09, 0x09, 0x0a,
  0x0a, 0x0a, 0x0b, 0x0b, 0x0c, 0x0c, 0x0d, 0x0e, 0x0e, 0x0f, 0x10, 0x11, 0x12, 0x12, 0x12, 0x13,
  0x14, 0x18, 0x19, 0x1a, 0x1c, 0x1c, 0x1e, 0x1f, 0x22, 0x22, 0x23, 0x25, 0x27, 0x29, 0x2b, 0x2c,
  0x2d, 0x2e, 0x2f, 0x32, 0x34, 0x35, 0x37, 0x39, 0x3b, 0x3c, 0x3e, 0x40, 0x41, 0x42, 0x43, 0x44,
  0x46, 0x46, 0x47, 0x47, 0x47, 0x48, 0x48, 0x48, 0x49, 0x4a, 0x4a, 0x4a, 0x4b, 0x4b, 0x4c, 0x4c,
  0x4c, 0x0c, 0x0e, 0x0f, 0x11, 0x14, 0x15, 0x16, 0x17, 0x19, 0x1a, 0x1c, 0x1d, 0x1f, 0x20, 0x22,
  0x23, 0x24, 0x25, 0x25, 0x26, 0x27, 0x27, 0x27, 0x27, 0x26, 0x26, 0x26, 0x25, 0x24, 0x23, 0x22,
  0x21, 0x1f, 0x1e, 0x1d, 0x1c, 0x1b, 0x1a, 0x1a, 0x19, 0x19, 0x19, 0x19, 0x19, 0x18, 0x18, 0x18,
  0x18, 0x17, 0x17, 0x17, 0x17, 0x16, 0x16, 0x16, 0x16, 0x15, 0x15, 0x15, 0x15, 0x15, 0x15, 0x15,
  0x15, 0x14, 0x14, 0x14, 0x14, 0x13, 0x13, 0x13, 0x13, 0x12, 0x12, 0x12, 0x12, 0x11, 0x11, 0x11,
  0x11, 0xdd, 0x7e, 0x0b, 0xfe, 0x6d, 0x38, 0x19, 0xfe, 0x7a, 0x38, 0x1e, 0xfe, 0x87, 0x38, 0x23,
  0xfe, 0x94, 0x38, 0x28, 0xfe, 0xa1, 0x38, 0x2d, 0xcd, 0x5e, 0x3e, 0x11, 0xea, 0x00, 0xc3, 0xf4,
  0x04, 0xcd, 0x5e, 0x3e, 0x11, 0x15, 0x00, 0xc3, 0xf4, 0x04, 0xcd, 0x5e, 0x3e, 0x11, 0x2a, 0x00,
  0xc3, 0xf4, 0x04, 0xcd, 0x5e, 0x3e, 0x11, 0x71, 0x00, 0xc3, 0xf4, 0x04, 0xcd, 0x5e, 0x3e, 0x11,
  0x86, 0x00, 0xc3, 0xf4, 0x04, 0xcd, 0x5e, 0x3e, 0x11, 0xaa, 0x00, 0xc3, 0xf4, 0x04, 0x21, 0x46,
  0xc0, 0x46, 0x23, 0x7e, 0x0f, 0x78, 0x1f, 0xb7, 0x1f, 0xb7, 0x1f, 0xb7, 0x20, 0x02, 0xaf, 0xc9,
  0xfe, 0x01, 0x30, 0x03, 0x3e, 0x01, 0xc9, 0xfe, 0x0c, 0x30, 0x03, 0x3e, 0x02, 0xc9, 0xfe, 0x12,
  0x30, 0x03, 0x3e, 0x03, 0xc9, 0xfe, 0x19, 0x30, 0x03, 0x3e, 0x06, 0xc9, 0xfe, 0x1f, 0x30, 0x03,
  0x3e, 0x07, 0xc9, 0xfe, 0x24, 0x30, 0x03, 0x3e, 0x08, 0xc9, 0x3e, 0x09, 0xc9, 0x21, 0x63, 0xc0,
  0x35, 0xf0, 0xeb, 0xcd, 0x5e, 0x3e, 0xfe, 0x06, 0x38, 0x02, 0xd6, 0x02, 0x4f, 0x06, 0x00, 0x21,
  0xca, 0x3e, 0x09, 0x7e, 0xb7, 0xc8, 0xeb, 0x77, 0x21, 0x64, 0xc0, 0x7e, 0xac, 0x77, 0x21, 0xd2,
  0x3e, 0xc2, 0xb2, 0x16, 0x21, 0xec, 0x3e, 0xc3, 0xb2, 0x16, 0x00, 0x04, 0x04, 0x03, 0x03, 0x02,
  0x01, 0x01, 0x05, 0x42, 0x5a, 0x04, 0xc5, 0x5b, 0xa0, 0x5a, 0x05, 0x23, 0x5c, 0x10, 0x5b, 0x05,
  0x93, 0x5c, 0xd6, 0x5c, 0x05, 0x59, 0x5e, 0x46, 0x5d, 0x05, 0xc9, 0x5e, 0x05, 0x42, 0x5a, 0x04,
  0x06, 0x3f, 0xa0, 0x5a, 0x05, 0x0a, 0x3f, 0x10, 0x5b, 0x05, 0x0f, 0x3f, 0xd6, 0x5c, 0x05, 0x14,
  0x3f, 0x46, 0x5d, 0x05, 0x19, 0x3f, 0x30, 0x3b, 0x38, 0x1b, 0xe8, 0xd0, 0x98, 0xf4, 0xe6, 0x17,
  0x0b, 0x19, 0x2f, 0x67, 0xfc, 0xd8, 0x98, 0xf4, 0x64, 0x3f, 0x1b, 0x19, 0x2f, 0x26, 0x21, 0x65,
  0xc0, 0x35, 0xf0, 0x3e, 0x02, 0x77, 0x21, 0x66, 0xc0, 0x7e, 0xac, 0x77, 0x21, 0x38, 0x3f, 0xc2,
  0xb2, 0x16, 0x21, 0x57, 0x3f, 0xc3, 0xb2, 0x16, 0x06, 0x48, 0x5b, 0x04, 0xcb, 0x5c, 0x7a, 0x5b,
  0x03, 0xfd, 0x5c, 0x8a, 0x5b, 0x03, 0x0d, 0x5d, 0xab, 0x5b, 0x01, 0x4e, 0x5e, 0xdc, 0x5b, 0x02,
  0x5f, 0x5d, 0xec, 0x5b, 0x02, 0x6f, 0x5d, 0x06, 0x48, 0x5b, 0x04, 0x76, 0x3f, 0x7a, 0x5b, 0x03,
  0x7a, 0x3f, 0x8a, 0x5b, 0x03, 0x7d, 0x3f, 0xab, 0x5b, 0x01, 0x80, 0x3f, 0xdc, 0x5b, 0x02, 0x81,
  0x3f, 0xec, 0x5b, 0x02, 0x83, 0x3f, 0x6d, 0x21, 0x3f, 0x12, 0xd0, 0xa0, 0x50, 0x2e, 0x14, 0x29,
  0x42, 0xc0, 0xa0, 0x38, 0x57, 0x3a, 0x15, 0xc0, 0x4f, 0x06, 0x00, 0x21, 0x9c, 0x3f, 0x09, 0x09,
  0x5e, 0x23, 0x56, 0xeb, 0x11, 0xc0, 0x5e, 0x01, 0x40, 0x01, 0xcf, 0xc3, 0x20, 0x00, 0x83, 0x61,
  0xe3, 0x63, 0xa3, 0x62, 0x43, 0x60, 0x83, 0x61, 0x21, 0xe3, 0x5e, 0x11, 0x60, 0x5d, 0x01, 0x60,
  0x01, 0xcf, 0xc3, 0x20, 0x00, 0x3a, 0x68, 0xc0, 0xb7, 0xc8, 0x3a, 0x31, 0xc0, 0xfe, 0x74, 0xc0,
  0x3a, 0x15, 0xc0, 0xfe, 0x05, 0x28, 0x05, 0x21, 0x03, 0x66, 0x18, 0x03, 0x21, 0xe3, 0x64, 0x11,
  0x60, 0x5d, 0x01, 0x60, 0x01, 0xcf, 0xc3, 0x20, 0x00, 0x3a, 0x62, 0xc0, 0xb7, 0xc8, 0xdd, 0x21,
  0x40, 0xc2, 0x21, 0x50, 0xc2, 0xcb, 0x7e, 0x20, 0x37, 0xdd, 0x7e, 0x00, 0xb7, 0x20, 0x0c, 0xdd,
  0x7e, 0x40, 0xb7, 0xc0, 0xcd, 0x57, 0x40, 0xdd, 0x77, 0x00, 0xc9, 0xdd, 0x7e, 0x20, 0xb7, 0x20,
  0x0d, 0x3a, 0x57, 0xc2, 0xfe, 0x45, 0xd8, 0xcd, 0x57, 0x40, 0xdd, 0x77, 0x20, 0xc9, 0xdd, 0x7e,
  0x40, 0xb7, 0xc0, 0x3a, 0x57, 0xc2, 0xfe, 0x65, 0xd8, 0xcd, 0x57, 0x40, 0xdd, 0x77, 0x40, 0xc9,
  0xdd, 0x7e, 0x00, 0xb7, 0x20, 0x0c, 0xdd, 0x7e, 0x40, 0xb7, 0xc0, 0xcd, 0x77, 0x40, 0xdd, 0x77,
  0x00, 0xc9, 0xdd, 0x7e, 0x20, 0xb7, 0x20, 0x0d, 0x3a, 0x53, 0xc2, 0xfe, 0x0a, 0xd8, 0xcd, 0x77,
  0x40, 0xdd, 0x77, 0x20, 0xc9, 0xdd, 0x7e, 0x40, 0xb7, 0xc0, 0x3a, 0x53, 0xc2, 0xfe, 0x24, 0xd8,
  0xcd, 0x77, 0x40, 0xdd, 0x77, 0x40, 0xc9, 0xed, 0x5f, 0xe6, 0x0f, 0x4f, 0x06, 0x00, 0x21, 0x67,
  0x40, 0xcd, 0x94, 0x40, 0x09, 0x7e, 0xc9, 0x00, 0x04, 0x05, 0x06, 0x08, 0x00, 0x05, 0x08, 0x06,
  0x04, 0x08, 0x06, 0x04, 0x05, 0x00, 0x04, 0xed, 0x5f, 0xe6, 0x0f, 0x4f, 0x06, 0x00, 0x21, 0x84,
  0x40, 0x09, 0x7e, 0xc9, 0x00, 0x01, 0x02, 0x03, 0x07, 0x00, 0x07, 0x03, 0x02, 0x01, 0x00, 0x03,
  0x02, 0x07, 0x01, 0x07, 0xed, 0x5b, 0x3b, 0xc0, 0x3e, 0x70, 0xbb, 0x30, 0x08, 0x3e, 0x90, 0xba,
  0xd0, 0x21, 0xa9, 0x40, 0xc9, 0x21, 0xb9, 0x40, 0xc9, 0x04, 0x04, 0x06, 0x06, 0x04, 0x06, 0x04,
  0x06, 0x04, 0x06, 0x04, 0x06, 0x06, 0x04, 0x04, 0x06, 0x05, 0x05, 0x08, 0x08, 0x05, 0x08, 0x05,
  0x08, 0x05, 0x08, 0x05, 0x08, 0x08, 0x05, 0x05, 0x08, 0xdd, 0x21, 0xa0, 0xc2, 0x3a, 0x31, 0xc0,
  0xfe, 0x60, 0x30, 0x2c, 0x3a, 0x5f, 0xc0, 0xb7, 0xc8, 0xdd, 0x7e, 0x20, 0xb7, 0x28, 0x06, 0xdd,
  0x7e, 0x2b, 0xfe, 0x78, 0xd8, 0xdd, 0x7e, 0x00, 0xb7, 0x20, 0x05, 0xdd, 0x36, 0x00, 0x11, 0xc9,
  0xdd, 0x7e, 0x20, 0xb7, 0xc0, 0xdd, 0x7e, 0x0b, 0xfe, 0x78, 0xd8, 0xdd, 0x36, 0x20, 0x12, 0xc9,
  0xfe, 0x64, 0x30, 0x3b, 0xdd, 0x7e, 0x00, 0xb7, 0x20, 0x25, 0xdd, 0x36, 0x00, 0x15, 0xcd, 0xa8,
  0x3f, 0x3a, 0x5f, 0xc0, 0xb7, 0xc0, 0x3e, 0x01, 0x32, 0x5f, 0xc0, 0x32, 0x68, 0xc0, 0x32, 0x6a,
  0xc0, 0x32, 0x6d, 0xc0, 0x3a, 0x62, 0xc0, 0xb7, 0xc0, 0x3e, 0x01, 0x32, 0x62, 0xc0, 0xc9, 0xdd,
  0x7e, 0x0b, 0xfe, 0x78, 0xd8, 0xdd, 0x7e, 0x20, 0xb7, 0xc0, 0xdd, 0x36, 0x20, 0x16, 0xc9, 0xfe,
  0x68, 0x30, 0x3b, 0xdd, 0x7e, 0x00, 0xb7, 0x20, 0x25, 0xdd, 0x36, 0x00, 0x13, 0xcd, 0xa8, 0x3f,
  0x3a, 0x5f, 0xc0, 0xb7, 0xc0, 0x3e, 0x01, 0x32, 0x5f, 0xc0, 0x32, 0x68, 0xc0, 0x32, 0x6a, 0xc0,
  0x32, 0x6d, 0xc0, 0x3a, 0x62, 0xc0, 0xb7, 0xc0, 0x3e, 0x01, 0x32, 0x62, 0xc0, 0xc9, 0xdd, 0x7e,
  0x20, 0xb7, 0xc0, 0xdd, 0x7e, 0x0b, 0xfe, 0x78, 0xd8, 0xdd, 0x36, 0x20, 0x14, 0xc9, 0xfe, 0x74,
  0xc0, 0x3a, 0x68, 0xc0, 0xb7, 0xc8, 0xdd, 0x7e, 0x00, 0xb7, 0xc0, 0xdd, 0x7e, 0x20, 0xb7, 0xc0,
  0xdd, 0x36, 0x00, 0x17, 0xdd, 0x36, 0x20, 0x18, 0x3a, 0x15, 0xc0, 0xfe, 0x05, 0x28, 0x08, 0xaf,
  0x32, 0x68, 0xc0, 0x32, 0x5f, 0xc0, 0xc9, 0xaf, 0x32, 0x5f, 0xc0, 0x32, 0x62, 0xc0, 0x32, 0x68,
  0xc0, 0x32, 0x6d, 0xc0, 0xc9, 0x3a, 0x62, 0xc0, 0xb7, 0xc8, 0x3a, 0x6a, 0xc0, 0xb7, 0xc8, 0x3a,
  0xa0, 0xc2, 0xfe, 0x97, 0xc0, 0xdd, 0x7e, 0x0b, 0xfe, 0xa8, 0xd8, 0x3a, 0x15, 0xc0, 0x3c, 0x47,
  0x3a, 0x4c, 0xc0, 0x21, 0x69, 0xc0, 0x86, 0xfe, 0x64, 0x38, 0x02, 0x3e, 0x63, 0x32, 0x4c, 0xc0,
  0x21, 0x00, 0x04, 0x22, 0x5a, 0xc0, 0x65, 0x22, 0x5c, 0xc0, 0x7d, 0x32, 0x33, 0xc0, 0x3a, 0x2a,
  0xc0, 0xc6, 0x02, 0x32, 0x2a, 0xc0, 0x3e, 0x14, 0x32, 0x6c, 0xc0, 0x3e, 0x03, 0x32, 0x6b, 0xc0,
  0x78, 0x32, 0x15, 0xc0, 0xcd, 0x85, 0x3f, 0xcd, 0x75, 0x42, 0x21, 0x15, 0x4d, 0x22, 0x01, 0xc3,
  0xaf, 0x32, 0x6a, 0xc0, 0x3a, 0x15, 0xc0, 0x3d, 0x4f, 0x06, 0x00, 0x21, 0x28, 0x42, 0x09, 0x09,
  0x5e, 0x23, 0x56, 0xeb, 0x22, 0x27, 0xc0, 0xc3, 0x00, 0x1c, 0x0e, 0x03, 0x0e, 0x0b, 0x0e, 0x04,
  0x0e, 0x0c, 0x21, 0x6c, 0xc0, 0x7e, 0xb7, 0xc8, 0xfe, 0x14, 0x20, 0x08, 0x3a, 0x15, 0xc0, 0xc6,
  0x04, 0x32, 0x67, 0xc0, 0x35, 0xc0, 0x3a, 0x15, 0xc0, 0xfe, 0x04, 0x3e, 0x0b, 0x28, 0x01, 0x3d,
  0x32, 0x67, 0xc0, 0x21, 0x6b, 0xc0, 0x35, 0xc8, 0x3e, 0x28, 0x32, 0x6c, 0xc0, 0xc9, 0x3a, 0x6d,
  0xc0, 0xb7, 0xc0, 0x3a, 0xa0, 0xc2, 0xfe, 0x97, 0xc0, 0x3a, 0xab, 0xc2, 0xfe, 0xa8, 0xd8, 0x3e,
  0x04, 0x32, 0x13, 0xc0, 0xc9, 0x2a, 0x15, 0xc0, 0x26, 0x00, 0x29, 0x11, 0xef, 0x42, 0x19, 0x5e,
  0x23, 0x56, 0xed, 0x53, 0x70, 0xc0, 0x3a, 0x15, 0xc0, 0xfe, 0x04, 0x28, 0x12, 0x11, 0x40, 0x78,
  0x01, 0xc0, 0x00, 0x2e, 0x21, 0xcf, 0xef, 0x01, 0xc0, 0x00, 0x2e, 0x00, 0xc3, 0x28, 0x00, 0x06,
  0xc0, 0x11, 0x40, 0x78, 0xcd, 0xde, 0x42, 0xfe, 0x20, 0x3e, 0x7d, 0x38, 0x02, 0x3e, 0x20, 0xd7,
  0x13, 0x10, 0xf1, 0x06, 0x60, 0x11, 0x00, 0x79, 0xcd, 0xde, 0x42, 0xfe, 0x20, 0x3e, 0x84, 0x38,
  0x02, 0x3e, 0x61, 0xd7, 0x13, 0x10, 0xf1, 0x2e, 0x61, 0x01, 0x60, 0x00, 0xcf, 0xef, 0x2a, 0x29,
  0xc0, 0x26, 0x00, 0x11, 0xfb, 0x42, 0x19, 0x7e, 0x11, 0x0a, 0x79, 0xc3, 0x10, 0x00, 0xd9, 0x2a,
  0x6e, 0xc0, 0x54, 0x5d, 0x29, 0x29, 0x19, 0x11, 0x73, 0x35, 0x19, 0x22, 0x6e, 0xc0, 0x7c, 0xd9,
  0xc9, 0xed, 0x7a, 0xad, 0x7b, 0x6d, 0x7c, 0x2d, 0x7d, 0xed, 0x7d, 0x61, 0x85, 0x86, 0x87, 0x88,
  0x89, 0x8a, 0x8b, 0x21, 0x21, 0x21, 0x21, 0x21, 0x21, 0x21, 0x21, 0x21, 0x21, 0x21, 0x21, 0x21,
  0x21, 0x22, 0x23, 0x24, 0x25, 0x26, 0x21, 0x21, 0x21, 0x21, 0x21, 0x21, 0x21, 0x21, 0x21, 0x21,
  0x21, 0x21, 0x21, 0x21, 0x21, 0x21, 0x22, 0x23, 0x24, 0x25, 0x26, 0x21, 0x21, 0x21, 0x21, 0x21,
  0x21, 0x27, 0x28, 0x29, 0x2a, 0x2b, 0x21, 0x21, 0x22, 0x23, 0x24, 0x25, 0x26, 0x21, 0x21, 0x21,
  0x21, 0x21, 0x21, 0x21, 0x21, 0x21, 0x27, 0x28, 0x29, 0x2a, 0x2b, 0x21, 0x21, 0x21, 0x21, 0x21,
  0x21, 0x21, 0x21, 0x21, 0x21, 0x21, 0x21, 0x21, 0x27, 0x28, 0x29, 0x2a, 0x2b, 0x21, 0x21, 0x21,
  0x21, 0x21, 0x21, 0xc9, 0xdd, 0xcb, 0x00, 0x7e, 0x20, 0x1c, 0xdd, 0xcb, 0x00, 0xfe, 0xdd, 0x36,
  0x0b, 0x60, 0xcd, 0x02, 0x46, 0xdd, 0x77, 0x09, 0xdd, 0x36, 0x04, 0x00, 0xaf, 0x32, 0x5e, 0xc0,
  0x21, 0x10, 0x46, 0xc3, 0x42, 0x06, 0xcd, 0xb7, 0x49, 0xcd, 0x11, 0x3e, 0x22, 0x24, 0xc0, 0x3e,
  0x02, 0x32, 0x21, 0xc0, 0xcd, 0x20, 0x3a, 0xcd, 0x13, 0x05, 0xdd, 0x7e, 0x0b, 0xfe, 0xb0, 0xd2,
  0x33, 0x3b, 0xd6, 0x60, 0x4f, 0x06, 0x00, 0x21, 0x80, 0xc1, 0x09, 0x7e, 0xcd, 0x67, 0x3b, 0x96,
  0xdd, 0x77, 0x09, 0xc3, 0xf5, 0x05, 0xdd, 0xcb, 0x00, 0x7e, 0x20, 0x1c, 0xdd, 0xcb, 0x00, 0xfe,
  0xdd, 0x36, 0x0b, 0x60, 0xcd, 0x09, 0x46, 0xdd, 0x77, 0x09, 0xdd, 0x36, 0x04, 0x00, 0xaf, 0x32,
  0x5e, 0xc0, 0x21, 0x10, 0x46, 0xc3, 0x42, 0x06, 0xcd, 0xb7, 0x49, 0xcd, 0x11, 0x3e, 0x22, 0x24,
  0xc0, 0x3e, 0x02, 0x32, 0x21, 0xc0, 0xcd, 0x20, 0x3a, 0xcd, 0x13, 0x05, 0xdd, 0x7e, 0x0b, 0xfe,
  0xb0, 0xd2, 0xa1, 0x3c, 0xd6, 0x60, 0x4f, 0x06, 0x00, 0x21, 0xd0, 0xc1, 0x09, 0x7e, 0xcd, 0x67,
  0x3b, 0x86, 0xc6, 0x02, 0xdd, 0x77, 0x09, 0xc3, 0xf5, 0x05, 0xdd, 0xcb, 0x00, 0x7e, 0x20, 0x1d,
  0xdd, 0xcb, 0x00, 0xfe, 0xdd, 0x36, 0x0b, 0x60, 0xcd, 0x02, 0x46, 0xdd, 0x77, 0x09, 0xdd, 0x36,
  0x04, 0x00, 0x3e, 0x01, 0x32, 0x5e, 0xc0, 0x21, 0x10, 0x46, 0xc3, 0x42, 0x06, 0xcd, 0xb7, 0x49,
  0xcd, 0x11, 0x3e, 0x22, 0x24, 0xc0, 0x3e, 0x02, 0x32, 0x21, 0xc0, 0xcd, 0x20, 0x3a, 0xcd, 0x13,
  0x05, 0xdd, 0x7e, 0x0b, 0xfe, 0xb0, 0xd2, 0x33, 0x3b, 0xd6, 0x60, 0x4f, 0x06, 0x00, 0x21, 0x80,
  0xc1, 0x09, 0x7e, 0xcd, 0x67, 0x3b, 0x96, 0xdd, 0x77, 0x09, 0xc3, 0xf5, 0x05, 0xdd, 0xcb, 0x00,
  0x7e, 0x20, 0x1d, 0xdd, 0xcb, 0x00, 0xfe, 0xdd, 0x36, 0x0b, 0x60, 0xcd, 0x02, 0x46, 0xdd, 0x77,
  0x09, 0xdd, 0x36, 0x04, 0x00, 0x3e, 0x01, 0x32, 0x5e, 0xc0, 0x21, 0x10, 0x46, 0xc3, 0x42, 0x06,
  0xcd, 0xb7, 0x49, 0xcd, 0x11, 0x3e, 0x22, 0x24, 0xc0, 0x3e, 0x02, 0x32, 0x21, 0xc0, 0xcd, 0x20,
  0x3a, 0xcd, 0x13, 0x05, 0xdd, 0x7e, 0x0b, 0xfe, 0xb0, 0xd2, 0x33, 0x3b, 0xd6, 0x60, 0x4f, 0x06,
  0x00, 0x21, 0x80, 0xc1, 0x09, 0x7e, 0xcd, 0x67, 0x3b, 0x96, 0xdd, 0x77, 0x09, 0xc3, 0xf5, 0x05,
  0xdd, 0xcb, 0x00, 0x7e, 0x20, 0x1d, 0xdd, 0xcb, 0x00, 0xfe, 0xdd, 0x36, 0x0b, 0x60, 0xcd, 0x09,
  0x46, 0xdd, 0x77, 0x09, 0xdd, 0x36, 0x04, 0x00, 0x3e, 0x01, 0x32, 0x5e, 0xc0, 0x21, 0x10, 0x46,
  0xc3, 0x42, 0x06, 0xcd, 0xb7, 0x49, 0xcd, 0x11, 0x3e, 0x22, 0x24, 0xc0, 0x3e, 0x02, 0x32, 0x21,
  0xc0, 0xcd, 0x20, 0x3a, 0xcd, 0x13, 0x05, 0xdd, 0x7e, 0x0b, 0xfe, 0xb0, 0xd2, 0xa1, 0x3c, 0xd6,
  0x60, 0x4f, 0x06, 0x00, 0x21, 0xd0, 0xc1, 0x09, 0x7e, 0xcd, 0x67, 0x3b, 0x86, 0xc6, 0x02, 0xdd,
  0x77, 0x09, 0xc3, 0xf5, 0x05, 0xdd, 0xcb, 0x00, 0x7e, 0x20, 0x1d, 0xdd, 0xcb, 0x00, 0xfe, 0xdd,
  0x36, 0x0b, 0x60, 0xcd, 0x09, 0x46, 0xdd, 0x77, 0x09, 0xdd, 0x36, 0x04, 0x00, 0x3e, 0x01, 0x32,
  0x5e, 0xc0, 0x21, 0x10, 0x46, 0xc3, 0x42, 0x06, 0xcd, 0xb7, 0x49, 0xcd, 0x11, 0x3e, 0x22, 0x24,
  0xc0, 0x3e, 0x02, 0x32, 0x21, 0xc0, 0xcd, 0x20, 0x3a, 0xcd, 0x13, 0x05, 0xdd, 0x7e, 0x0b, 0xfe,
  0xb0, 0xd2, 0xa1, 0x3c, 0xd6, 0x60, 0x4f, 0x06, 0x00, 0x21, 0xd0, 0xc1, 0x09, 0x7e, 0xcd, 0x67,
  0x3b, 0x86, 0xc6, 0x02, 0xdd, 0x77, 0x09, 0xc3, 0xf5, 0x05, 0xdd, 0xcb, 0x00, 0x7e, 0x20, 0x1d,
  0xdd, 0xcb, 0x00, 0xfe, 0xdd, 0x36, 0x0b, 0x60, 0xcd, 0x02, 0x46, 0xdd, 0x77, 0x09, 0xdd, 0x36,
  0x04, 0x00, 0x3e, 0x01, 0x32, 0x5e, 0xc0, 0xcd, 0xda, 0x47, 0xc3, 0x42, 0x06, 0xcd, 0xb7, 0x49,
  0xcd, 0x11, 0x3e, 0x22, 0x24, 0xc0, 0x3e, 0x02, 0x32, 0x21, 0xc0, 0xcd, 0x20, 0x3a, 0xcd, 0x13,
  0x05, 0xdd, 0x7e, 0x0b, 0xfe, 0xb0, 0xd2, 0x33, 0x3b, 0xd6, 0x60, 0x4f, 0x06, 0x00, 0x21, 0x80,
  0xc1, 0x09, 0x7e, 0xcd, 0x67, 0x3b, 0x96, 0xdd, 0x77, 0x09, 0xc3, 0xf5, 0x05, 0xdd, 0xcb, 0x00,
  0x7e, 0x20, 0x1d, 0xdd, 0xcb, 0x00, 0xfe, 0xdd, 0x36, 0x0b, 0x60, 0xcd, 0x09, 0x46, 0xdd, 0x77,
  0x09, 0xdd, 0x36, 0x04, 0x00, 0x3e, 0x01, 0x32, 0x5e, 0xc0, 0xcd, 0xda, 0x47, 0xc3, 0x42, 0x06,
  0xcd, 0xb7, 0x49, 0xcd, 0x11, 0x3e, 0x22, 0x24, 0xc0, 0x3e, 0x02, 0x32, 0x21, 0xc0, 0xcd, 0x20,
  0x3a, 0xcd, 0x13, 0x05, 0xdd, 0x7e, 0x0b, 0xfe, 0xb0, 0xd2, 0xa1, 0x3c, 0xd6, 0x60, 0x4f, 0x06,
  0x00, 0x21, 0xd0, 0xc1, 0x09, 0x7e, 0xcd, 0x67, 0x3b, 0x86, 0xc6, 0x02, 0xdd, 0x77, 0x09, 0xc3,
  0xf5, 0x05, 0x21, 0x80, 0xc1, 0x7e, 0xd6, 0x07, 0xc9, 0x21, 0xd0, 0xc1, 0x7e, 0xc6, 0x04, 0xc9,
  0x01, 0x01, 0x00, 0x00, 0x00, 0x05, 0x02, 0x01, 0x00, 0x00, 0x00, 0x00, 0xe4, 0x02, 0xf4, 0x0c,
  0x02, 0x01, 0x00, 0x00, 0x00, 0x00, 0xe0, 0x02, 0xf0, 0x0c, 0x02, 0x01, 0x00, 0x00, 0x00, 0x00,
  0xdc, 0x02, 0xec, 0x0c, 0x02, 0x01, 0x00, 0x00, 0x00, 0x00, 0xd8, 0x02, 0xe8, 0x0c, 0x02, 0x01,
  0x00, 0x00, 0x00, 0x00, 0xe8, 0x02, 0xfc, 0x01, 0x02, 0x01, 0x00, 0x00, 0x00, 0x00, 0xe4, 0x02,
  0xf8, 0x01, 0x02, 0x01, 0x00, 0x00, 0x00, 0x00, 0xe0, 0x02, 0xf4, 0x01, 0x04, 0x01, 0xf0, 0x00,
  0xf0, 0x00, 0x00, 0x00, 0x00, 0x00, 0xd8, 0x02, 0xdc, 0x02, 0xec, 0x01, 0xf0, 0x01, 0x02, 0x01,
  0x08, 0xf8, 0x00, 0x00, 0xe4, 0x0f, 0xec, 0x0b, 0x04, 0x01, 0x08, 0x00, 0xf8, 0xe8, 0x00, 0x00,
  0x00, 0x00, 0xe4, 0x0f, 0xe4, 0x0f, 0xe4, 0x0f, 0xe8, 0x0b, 0x04, 0x01, 0x00, 0xf0, 0xe0, 0xe0,
  0x00, 0x00, 0x00, 0x00, 0xd8, 0x0f, 0xd8, 0x0f, 0xe0, 0x0b, 0xe0, 0x0b, 0x04, 0x01, 0x00, 0xf0,
  0xe0, 0xd1, 0x00, 0x00, 0x00, 0x00, 0xd8, 0x0f, 0xd8, 0x0f, 0xd8, 0x0f, 0xdc, 0x0b, 0x02, 0x01,
  0x00, 0x00, 0x00, 0x00, 0xdc, 0x0b, 0xec, 0x0e, 0x02, 0x01, 0x00, 0x00, 0x00, 0x00, 0xe0, 0x0b,
  0xf0, 0x0e, 0x04, 0x01, 0x00, 0x00, 0xf8, 0xf8, 0x00, 0x00, 0x00, 0x00, 0xe8, 0x0b, 0xf8, 0x0e,
  0xe4, 0x0b, 0xf4, 0x0e, 0x04, 0x01, 0x00, 0x00, 0xf0, 0xf0, 0x00, 0x00, 0x00, 0x00, 0xe8, 0x0b,
  0xf8, 0x0e, 0xe4, 0x0b, 0xf4, 0x0e, 0x02, 0x01, 0x00, 0x00, 0x00, 0x00, 0xc8, 0x06, 0xb8, 0x0f,
  0x02, 0x01, 0x00, 0x00, 0x00, 0x00, 0xd4, 0x06, 0xb4, 0x0f, 0x02, 0x01, 0x00, 0x00, 0x00, 0x00,
  0xd0, 0x06, 0xb0, 0x0f, 0x02, 0x01, 0x00, 0x00, 0x00, 0x00, 0xcc, 0x06, 0xac, 0x0f, 0x02, 0x01,
  0x00, 0x00, 0x00, 0x00, 0xc8, 0x06, 0xb8, 0x0f, 0x02, 0x01, 0x00, 0x00, 0x00, 0x00, 0xc4, 0x06,
  0xb4, 0x0f, 0x02, 0x01, 0x00, 0x00, 0x00, 0x00, 0xc0, 0x06, 0xb0, 0x0f, 0x02, 0x01, 0x00, 0x00,
  0x00, 0x00, 0xbc, 0x06, 0xac, 0x0f, 0x02, 0x01, 0x08, 0xf8, 0x00, 0xf1, 0xe4, 0x0f, 0xfc, 0x0b,
  0x04, 0x01, 0x08, 0x00, 0xf8, 0xe8, 0x00, 0x00, 0x00, 0xf1, 0xe4, 0x0f, 0xe4, 0x0f, 0xe4, 0x0f,
  0xf8, 0x0b, 0x04, 0x01, 0x00, 0xf0, 0xe0, 0xe0, 0x00, 0x00, 0xf2, 0xf2, 0xd8, 0x0f, 0xd8, 0x0f,
  0xf4, 0x0b, 0xf4, 0x0b, 0x04, 0x01, 0x00, 0xf0, 0xe0, 0xd1, 0x00, 0x00, 0x00, 0xf2, 0xd8, 0x0f,
  0xd8, 0x0f, 0xd8, 0x0f, 0xf0, 0x0b, 0x01, 0x01, 0x00, 0x00, 0x00, 0x0f, 0x01, 0x01, 0x00, 0x00,
  0xbc, 0x0f, 0x02, 0x01, 0x00, 0x00, 0x00, 0x00, 0xcc, 0x06, 0xb8, 0x0f, 0x02, 0x01, 0x00, 0x00,
  0x00, 0x00, 0xc8, 0x06, 0xb4, 0x0f, 0x04, 0x01, 0xf0, 0x00, 0xf0, 0x00, 0xfc, 0xfc, 0xfc, 0xfc,
  0xc0, 0x06, 0xc4, 0x06, 0xac, 0x0f, 0xb0, 0x0f, 0x01, 0x01, 0x00, 0x00, 0x00, 0x0f, 0x01, 0x01,
  0x00, 0x00, 0xbc, 0x0f, 0x02, 0x01, 0x00, 0x00, 0x00, 0x00, 0xcc, 0x06, 0xb8, 0x0f, 0x02, 0x01,
  0x00, 0x00, 0x00, 0x00, 0xc8, 0x06, 0xb4, 0x0f, 0x04, 0x01, 0xf0, 0x00, 0xf0, 0x00, 0xfc, 0xfc,
  0xfc, 0xfc, 0xc0, 0x06, 0xc4, 0x06, 0xac, 0x0f, 0xb0, 0x0f, 0x3a, 0x15, 0xc0, 0xfe, 0x05, 0x21,
  0xa8, 0x47, 0xc0, 0x21, 0x76, 0x47, 0xc9, 0xdd, 0x36, 0x01, 0x03, 0x3a, 0x31, 0xc0, 0xfe, 0x40,
  0xd2, 0xa0, 0x48, 0xb7, 0xc8, 0xfe, 0x0f, 0x38, 0x30, 0xfe, 0x15, 0x30, 0x14, 0x3a, 0x35, 0xc0,
  0xfe, 0x10, 0x30, 0x25, 0xcd, 0x30, 0x49, 0xdd, 0x36, 0x04, 0x02, 0xd0, 0xdd, 0x36, 0x04, 0x00,
  0xc9, 0xfe, 0x2f, 0x30, 0x14, 0x3a, 0x35, 0xc0, 0xfe, 0x10, 0x30, 0x0d, 0xcd, 0x30, 0x49, 0xdd,
  0x36, 0x04, 0x01, 0xd0, 0xdd, 0x36, 0x04, 0x00, 0xc9, 0x3a, 0x31, 0xc0, 0x4f, 0x06, 0x00, 0x0b,
  0x21, 0x46, 0x48, 0x09, 0x7e, 0xdd, 0x77, 0x04, 0xc9, 0x3a, 0x31, 0xc0, 0xd6, 0x60, 0x4f, 0x06,
  0x00, 0x21, 0x8b, 0x48, 0x18, 0xed, 0x00, 0x02, 0x02, 0x02, 0x02, 0x02, 0x02, 0x01, 0x01, 0x01,
  0x01, 0x01, 0x01, 0x02, 0x02, 0x02, 0x02, 0x02, 0x02, 0x01, 0x01, 0x01, 0x01, 0x01, 0x01, 0x02,
  0x02, 0x02, 0x02, 0x02, 0x02, 0x02, 0x02, 0x02, 0x02, 0x01, 0x01, 0x01, 0x01, 0x01, 0x01, 0x01,
  0x01, 0x01, 0x01, 0x02, 0x02, 0x02, 0x02, 0x02, 0x02, 0x01, 0x01, 0x01, 0x01, 0x01, 0x01, 0x02,
  0x02, 0x02, 0x02, 0x02, 0x02, 0x01, 0x01, 0x01, 0x01, 0x01, 0x01, 0x00, 0x02, 0x02, 0x02, 0x00,
  0x01, 0x01, 0x01, 0x02, 0x02, 0x02, 0x02, 0x02, 0x02, 0x01, 0x01, 0x01, 0x01, 0x01, 0x01, 0x00,
  0xfe, 0x4b, 0x30, 0x43, 0xcd, 0x30, 0x49, 0x38, 0x1f, 0xdd, 0x7e, 0x15, 0xfe, 0x02, 0x20, 0x0b,
  0xdd, 0x36, 0x04, 0x00, 0xcd, 0x6b, 0x49, 0xdd, 0x35, 0x11, 0xf0, 0xdd, 0x36, 0x04, 0x01, 0xdd,
  0x36, 0x15, 0x01, 0xdd, 0x36, 0x18, 0x00, 0xc9, 0xdd, 0x7e, 0x15, 0xfe, 0x01, 0x20, 0x0b, 0xdd,
  0x36, 0x04, 0x00, 0xcd, 0x6b, 0x49, 0xdd, 0x35, 0x11, 0xf0, 0xdd, 0x36, 0x04, 0x02, 0xdd, 0x36,
  0x15, 0x02, 0xdd, 0x36, 0x18, 0x00, 0xc9, 0xfe, 0x60, 0xd2, 0x39, 0x48, 0xcd, 0x30, 0x49, 0xda,
  0x11, 0x49, 0xdd, 0x7e, 0x15, 0xfe, 0x01, 0x20, 0x0b, 0xdd, 0x36, 0x04, 0x00, 0xcd, 0x6b, 0x49,
  0xdd, 0x35, 0x11, 0xf0, 0xdd, 0x36, 0x04, 0x02, 0xdd, 0x36, 0x15, 0x02, 0xdd, 0x36, 0x18, 0x00,
  0xc9, 0xdd, 0x7e, 0x15, 0xfe, 0x02, 0x20, 0x0b, 0xdd, 0x36, 0x04, 0x00, 0xcd, 0x6b, 0x49, 0xdd,
  0x35, 0x11, 0xf0, 0xdd, 0x36, 0x04, 0x01, 0xdd, 0x36, 0x15, 0x01, 0xdd, 0x36, 0x18, 0x00, 0xc9,
  0x21, 0x50, 0xc2, 0xcb, 0x7e, 0x20, 0x11, 0xdd, 0x7e, 0x0b, 0x47, 0x21, 0x35, 0xc0, 0x7e, 0xc6,
  0x70, 0xb8, 0xd8, 0xdd, 0x36, 0x19, 0x00, 0xc9, 0xdd, 0x7e, 0x19, 0xb7, 0x20, 0x14, 0xdd, 0x7e,
  0x0b, 0x47, 0x21, 0x35, 0xc0, 0x7e, 0xc6, 0x70, 0xb8, 0xd0, 0xdd, 0x77, 0x1a, 0xdd, 0x36, 0x19,
  0x01, 0xc9, 0xdd, 0x7e, 0x0b, 0x47, 0xdd, 0x7e, 0x1a, 0xb8, 0xc9, 0xdd, 0x7e, 0x18, 0xb7, 0xc0,
  0xcd, 0xd9, 0x39, 0x4f, 0x06, 0x00, 0x21, 0x82, 0x49, 0x09, 0x7e, 0xdd, 0x77, 0x11, 0xdd, 0x36,
  0x18, 0x01, 0xc9, 0x0a, 0x09, 0x08, 0x07, 0x06, 0xdd, 0x7e, 0x0b, 0xfe, 0x9c, 0xd8, 0xfe, 0xb4,
  0xd0, 0xdd, 0x7e, 0x04, 0x87, 0x4f, 0x06, 0x00, 0x21, 0xb1, 0x49, 0x09, 0xdd, 0x7e, 0x09, 0x86,
  0x47, 0x23, 0x86, 0x2a, 0x3b, 0xc0, 0xbd, 0xd8, 0x78, 0xbc, 0xd0, 0x21, 0x3d, 0xc0, 0x36, 0x01,
  0xc9, 0x02, 0x0d, 0xf5, 0x0e, 0x0e, 0x0e, 0xdd, 0x7e, 0x0b, 0xfe, 0x98, 0xd8, 0xfe, 0xb8, 0xd0,
  0x3a, 0x5e, 0xc0, 0xb7, 0x28, 0x04, 0x3e, 0x06, 0x18, 0x03, 0x3a, 0x15, 0xc0, 0x87, 0x4f, 0x06,
  0x00, 0x21, 0xe8, 0x49, 0x09, 0xdd, 0x7e, 0x09, 0x86, 0x47, 0x23, 0x86, 0x2a, 0x3b, 0xc0, 0xbd,
  0xd8, 0x78, 0xbc, 0xd0, 0x21, 0x3d, 0xc0, 0x36, 0x01, 0xc9, 0x00, 0x04, 0x00, 0x0c, 0x00, 0x0d,
  0x00, 0x02, 0x00, 0x04, 0x00, 0x0c, 0xd9, 0xcb, 0x7e, 0x01, 0x3c, 0x00, 0x20, 0x1c, 0x01, 0x38,
  0x04, 0xcb, 0xfe, 0xaf, 0x32, 0x62, 0xc0, 0x3a, 0x15, 0xc0, 0xfe, 0x04, 0x3e, 0x01, 0x20, 0x02,
  0x3e, 0x0c, 0x32, 0x67, 0xc0, 0x3e, 0x89, 0x32, 0x00, 0xc3, 0xfb, 0x3e, 0x01, 0xcd, 0xdc, 0x01,
  0x3a, 0x03, 0xc0, 0xe6, 0x30, 0x20, 0x05, 0x0b, 0x78, 0xb1, 0x20, 0xee, 0xcd, 0x4d, 0x2f, 0xcd,
  0xaa, 0x02, 0xaf, 0x32, 0x13, 0xc0, 0xc9, 0x3e, 0x01, 0x32, 0x6d, 0xc0, 0x3e, 0x02, 0x32, 0x67,
  0xc0, 0x01, 0x30, 0x00, 0x3e, 0x88, 0x32, 0x00, 0xc3, 0x3e, 0x01, 0xcd, 0xdc, 0x01, 0xc5, 0xcd,
  0x51, 0x1e, 0xcd, 0xe0, 0x18, 0xc1, 0x0b, 0x79, 0xb0, 0x20, 0xee, 0x3a, 0x4c, 0xc0, 0xb7, 0x20,
  0x0e, 0x3e, 0x01, 0xcd, 0xdc, 0x01, 0x2a, 0x46, 0xc0, 0x7d, 0xb4, 0x20, 0xf4, 0x18, 0x24, 0x06,
  0x1e, 0x3e, 0x01, 0xcd, 0xdc, 0x01, 0x10, 0xf9, 0x21, 0x4c, 0xc0, 0xe5, 0x06, 0x08, 0x3e, 0x01,
  0xcd, 0xdc, 0x01, 0x10, 0xf9, 0x2e, 0x05, 0xcd, 0x19, 0x2f, 0x3e, 0x8c, 0x32, 0x00, 0xc3, 0xe1,
  0x35, 0x20, 0xe8, 0x06, 0x78, 0x3e, 0x01, 0xcd, 0xdc, 0x01, 0x10, 0xf9, 0x3e, 0x03, 0x32, 0x67,
  0xc0, 0x3e, 0x01, 0xcd, 0xdc, 0x01, 0x2a, 0x46, 0xc0, 0x7d, 0xb4, 0x20, 0xf4, 0x06, 0xb4, 0x3e,
  0x01, 0xcd, 0xdc, 0x01, 0x10, 0xf9, 0x3e, 0x04, 0x32, 0x67, 0xc0, 0x21, 0x29, 0xc0, 0x7e, 0x3c,
  0xfe, 0x08, 0x38, 0x1a, 0x3a, 0x0e, 0xc0, 0x3c, 0xfe, 0x03, 0x38, 0x0e, 0x3a, 0x69, 0xc0, 0xd6,
  0x02, 0xfe, 0x32, 0x38, 0x08, 0x32, 0x69, 0xc0, 0x18, 0x03, 0x32, 0x0e, 0xc0, 0xaf, 0x77, 0x3e,
  0x3c, 0x32, 0x4c, 0xc0, 0x3e, 0x01, 0xcd, 0xdc, 0x01, 0xaf, 0x21, 0x00, 0xc1, 0x11, 0x01, 0xc1,
  0x01, 0x7f, 0x00, 0x77, 0xed, 0xb0, 0x21, 0xa0, 0xc2, 0x77, 0x21, 0xc0, 0xc2, 0x77, 0x6f, 0x67,
  0x22, 0x5c, 0xc0, 0x32, 0x33, 0xc0, 0x32, 0x2a, 0xc0, 0x32, 0x2f, 0xc2, 0x32, 0x3b, 0xc2, 0x3e,
  0x01, 0x32, 0x15, 0xc0, 0x3e, 0x03, 0x32, 0x13, 0xc0, 0xc9, 0x21, 0x67, 0xc0, 0x7e, 0xb7, 0xc8,
  0x36, 0x00, 0x66, 0x6f, 0x29, 0x29, 0x11, 0x37, 0x4b, 0x19, 0x5e, 0x23, 0x56, 0x23, 0x7e, 0x23,
  0x66, 0x6f, 0xcf, 0x7e, 0xb7, 0xc8, 0xd3, 0xbe, 0x23, 0x18, 0xf8, 0xeb, 0x78, 0x6b, 0x4b, 0xe8,
  0x78, 0x75, 0x4b, 0xe3, 0x78, 0x86, 0x4b, 0xe0, 0x78, 0xa0, 0x4b, 0xe6, 0x78, 0xc1, 0x4b, 0xe6,
  0x78, 0xd5, 0x4b, 0xe3, 0x78, 0xe9, 0x4b, 0xe5, 0x78, 0x05, 0x4c, 0xe6, 0x78, 0x1c, 0x4c, 0xe3,
  0x78, 0xa5, 0x4b, 0xe3, 0x78, 0x31, 0x4c, 0xeb, 0x78, 0x4d, 0x4c, 0x47, 0x41, 0x4d, 0x45, 0x21,
  0x4f, 0x56, 0x45, 0x52, 0x00, 0x43, 0x4f, 0x4e, 0x47, 0x52, 0x41, 0x54, 0x55, 0x4c, 0x41, 0x54,
  0x49, 0x4f, 0x4e, 0x53, 0x71, 0x00, 0x43, 0x48, 0x41, 0x4c, 0x4c, 0x45, 0x4e, 0x47, 0x45, 0x21,
  0x54, 0x48, 0x45, 0x21, 0x4e, 0x45, 0x58, 0x54, 0x21, 0x43, 0x4f, 0x55, 0x52, 0x53, 0x45, 0x00,
  0x21, 0x21, 0x21, 0x21, 0x21, 0x21, 0x21, 0x21, 0x21, 0x21, 0x21, 0x21, 0x21, 0x21, 0x21, 0x21,
  0x21, 0x21, 0x21, 0x21, 0x21, 0x21, 0x21, 0x21, 0x21, 0x21, 0x21, 0x21, 0x21, 0x21, 0x21, 0x21,
  0x00, 0x31, 0x69, 0x6a, 0x21, 0x53, 0x54, 0x41, 0x47, 0x45, 0x21, 0x70, 0x43, 0x49, 0x52, 0x43,
  0x55, 0x49, 0x54, 0x70, 0x00, 0x32, 0x6b, 0x6c, 0x21, 0x53, 0x54, 0x41, 0x47, 0x45, 0x21, 0x70,
  0x53, 0x45, 0x41, 0x53, 0x49, 0x44, 0x45, 0x70, 0x00, 0x33, 0x6d, 0x6c, 0x21, 0x53, 0x54, 0x41,
  0x47, 0x45, 0x21, 0x70, 0x4d, 0x4f, 0x4e, 0x55, 0x4d, 0x45, 0x4e, 0x54, 0x21, 0x56, 0x41, 0x4c,
  0x4c, 0x45, 0x59, 0x70, 0x00, 0x7e, 0x8e, 0x8f, 0x20, 0x8a, 0x8b, 0x80, 0x83, 0x82, 0x20, 0x7f,
  0x81, 0x85, 0x8b, 0x8d, 0x20, 0x87, 0x85, 0x83, 0x84, 0x8b, 0x7f, 0x00, 0x4c, 0x41, 0x53, 0x54,
  0x21, 0x53, 0x54, 0x41, 0x47, 0x45, 0x21, 0x70, 0x43, 0x49, 0x52, 0x43, 0x55, 0x49, 0x54, 0x70,
  0x00, 0x20, 0x20, 0x20, 0x20, 0x20, 0x20, 0x20, 0x20, 0x20, 0x20, 0x20, 0x20, 0x20, 0x20, 0x20,
  0x20, 0x20, 0x20, 0x20, 0x20, 0x20, 0x20, 0x20, 0x20, 0x20, 0x20, 0x20, 0x00, 0x83, 0x80, 0x86,
  0x82, 0x20, 0x88, 0x8c, 0x82, 0x89, 0x00, 0xc3, 0x6b, 0x4d, 0x3a, 0x00, 0xc3, 0xfe, 0x81, 0x28,
  0x0c, 0xcd, 0xe9, 0x4f, 0xdd, 0x21, 0x0f, 0xc3, 0x06, 0x03, 0xc3, 0x47, 0x50, 0xcd, 0x9d, 0x4c,
  0xcd, 0x1c, 0x4f, 0x3a, 0x1d, 0xc3, 0xb7, 0x28, 0x0e, 0xdd, 0x21, 0x6f, 0xc3, 0xcd, 0x7a, 0x4d,
  0xdd, 0x2a, 0x0b, 0xc3, 0xcd, 0x7a, 0x4d, 0xdd, 0x21, 0x0f, 0xc3, 0xcd, 0x7a, 0x4d, 0xdd, 0x21,
  0x2f, 0xc3, 0xcd, 0x7a, 0x4d, 0xdd, 0x21, 0x4f, 0xc3, 0xcd, 0x7a, 0x4d, 0xc9, 0x2a, 0x01, 0xc3,
  0x7d, 0xb4, 0xc8, 0xe9, 0x3a, 0x08, 0xc3, 0xa1, 0x28, 0x04, 0xf1, 0xc3, 0x64, 0x4d, 0xb0, 0x32,
  0x08, 0xc3, 0xc9, 0x01, 0x03, 0x00, 0xcd, 0xa4, 0x4c, 0x21, 0xed, 0x52, 0x11, 0x16, 0x53, 0xc3,
  0x3f, 0x4d, 0x01, 0x03, 0x00, 0xcd, 0xa4, 0x4c, 0x21, 0x42, 0x56, 0x11, 0x63, 0x56, 0x18, 0x6f,
  0x01, 0x02, 0x01, 0xcd, 0xa4, 0x4c, 0x21, 0x3c, 0x53, 0x11, 0x57, 0x53, 0x18, 0x61, 0x01, 0x02,
  0x01, 0xcd, 0xa4, 0x4c, 0x21, 0x73, 0x53, 0x11, 0x8e, 0x53, 0x18, 0x53, 0x21, 0x01, 0x00, 0x22,
  0x19, 0xc3, 0x22, 0x39, 0xc3, 0x22, 0x59, 0xc3, 0x21, 0x8b, 0x55, 0x22, 0x12, 0xc3, 0x11, 0xc0,
  0x02, 0xed, 0x53, 0x3e, 0xc3, 0x01, 0xdc, 0x53, 0xed, 0x43, 0x52, 0xc3, 0xaf, 0x32, 0x1d, 0xc3,
  0x32, 0x3d, 0xc3, 0x18, 0x3c, 0x01, 0x00, 0x02, 0xcd, 0xa4, 0x4c, 0xaf, 0x32, 0x81, 0xc3, 0x32,
  0xa1, 0xc3, 0x21, 0xaa, 0x53, 0x11, 0xc3, 0x53, 0x18, 0x15, 0x01, 0x00, 0x02, 0xcd, 0xa4, 0x4c,
  0x21, 0x16, 0x56, 0x11, 0x2c, 0x56, 0xed, 0x53, 0xb2, 0xc3, 0x11, 0xaf, 0xc3, 0x18, 0x07, 0xed,
  0x53, 0x92, 0xc3, 0x11, 0x8f, 0xc3, 0x22, 0x72, 0xc3, 0x3e, 0x80, 0x32, 0x1d, 0xc3, 0x32, 0x3d,
  0xc3, 0xed, 0x53, 0x0b, 0xc3, 0x21, 0x01, 0x00, 0x22, 0x79, 0xc3, 0x22, 0x99, 0xc3, 0x22, 0xb9,
  0xc3, 0xcd, 0x14, 0x52, 0x21, 0x00, 0x00, 0x22, 0x01, 0xc3, 0xc9, 0x3e, 0xe7, 0xd3, 0x7f, 0x21,
  0xb6, 0x52, 0x11, 0x0f, 0xc3, 0x06, 0x06, 0xc3, 0x26, 0x50, 0xdd, 0x7e, 0x0b, 0x3c, 0xdd, 0x77,
  0x0b, 0xdd, 0x96, 0x0a, 0xc2, 0xaf, 0x4e, 0xdd, 0x5e, 0x03, 0xdd, 0x56, 0x04, 0x1a, 0x13, 0xfe,
  0xe0, 0xd2, 0xdb, 0x4d, 0xdd, 0xcb, 0x00, 0x5e, 0x20, 0x19, 0xb7, 0xf2, 0xc8, 0x4d, 0xd6, 0x80,
  0x21, 0x2b, 0x52, 0x4f, 0x06, 0x00, 0x09, 0x09, 0x7e, 0xdd, 0x77, 0x0f, 0x23, 0x7e, 0xdd, 0x77,
  0x10, 0x18, 0x13, 0xdd, 0x77, 0x10, 0x1a, 0x13, 0xdd, 0x77, 0x0f, 0xdd, 0xcb, 0x00, 0x6e, 0x28,
  0x05, 0x1a, 0x13, 0xdd, 0x77, 0x11, 0x1a, 0x13, 0xdd, 0x77, 0x0a, 0xdd, 0x73, 0x03, 0xdd, 0x72,
  0x04, 0xaf, 0xdd, 0x77, 0x0d, 0xdd, 0x77, 0x0b, 0xc3, 0xaf, 0x4e, 0xfe, 0xe8, 0x38, 0x23, 0x28,
  0x46, 0xfe, 0xf0, 0xca, 0x7d, 0x4e, 0xfe, 0xee, 0x28, 0x7c, 0xfe, 0xed, 0x28, 0x56, 0xfe, 0xf1,
  0xca, 0x78, 0x4e, 0xfe, 0xef, 0x28, 0x78, 0xfe, 0xf2, 0x28, 0x33, 0xfe, 0xf3, 0x28, 0x36, 0xc3,
  0xaf, 0x4e, 0xfe, 0xe2, 0x38, 0x45, 0x28, 0x10, 0xfe, 0xe3, 0xca, 0x94, 0x4e, 0xfe, 0xe7, 0x28,
  0x0f, 0xfe, 0xe5, 0x28, 0x27, 0xc3, 0xaf, 0x4e, 0x1a, 0xdd, 0x77, 0x08, 0x13, 0xc3, 0x8d, 0x4d,
  0xdd, 0xcb, 0x00, 0xee, 0xc3, 0x8d, 0x4d, 0xdd, 0xcb, 0x00, 0xae, 0xc3, 0x8d, 0x4d, 0xdd, 0xcb,
  0x00, 0xde, 0xc3, 0x8d, 0x4d, 0xdd, 0xcb, 0x00, 0x9e, 0xc3, 0x8d, 0x4d, 0x1a, 0xdd, 0x77, 0x07,
  0x13, 0xc3, 0x8d, 0x4d, 0xeb, 0x5e, 0x23, 0x56, 0xc3, 0x8d, 0x4d, 0xeb, 0x5e, 0x23, 0x56, 0x23,
  0xfe, 0xe1, 0x28, 0x09, 0xdd, 0x75, 0x14, 0xdd, 0x74, 0x15, 0xc3, 0x8d, 0x4d, 0xdd, 0x75, 0x16,
  0xdd, 0x74, 0x17, 0xc3, 0x8d, 0x4d, 0xdd, 0x5e, 0x14, 0xdd, 0x56, 0x15, 0xc3, 0x8d, 0x4d, 0xdd,
  0x5e, 0x16, 0xdd, 0x56, 0x17, 0xc3, 0x8d, 0x4d, 0x21, 0x13, 0x00, 0x18, 0x03, 0x21, 0x12, 0x00,
  0xdd, 0xe5, 0xc1, 0x09, 0x7e, 0xb7, 0x20, 0x02, 0x1a, 0x77, 0x13, 0x35, 0xc2, 0x44, 0x4e, 0x13,
  0x13, 0xc3, 0x8d, 0x4d, 0xcd, 0x14, 0x52, 0x1a, 0x21, 0xf9, 0x51, 0x4f, 0x06, 0x00, 0x09, 0x3a,
  0x08, 0xc3, 0xa6, 0x32, 0x08, 0xc3, 0xaf, 0x32, 0x1d, 0xc3, 0x32, 0x3d, 0xc3, 0xe1, 0xc9, 0xdd,
  0x7e, 0x0e, 0xb7, 0xc0, 0xdd, 0x5e, 0x0f, 0xdd, 0x56, 0x10, 0x7b, 0xb2, 0x20, 0x05, 0x06, 0x0f,
  0xc3, 0x13, 0x4f, 0xdd, 0xcb, 0x00, 0x6e, 0x28, 0x18, 0x7b, 0xdd, 0x4e, 0x11, 0x91, 0xcb, 0x79,
  0x28, 0x05, 0x38, 0x06, 0x14, 0x18, 0x03, 0x30, 0x01, 0x15, 0x5f, 0xdd, 0x73, 0x0f, 0xdd, 0x72,
  0x10, 0xdd, 0x7e, 0x07, 0xb7, 0x28, 0x0b, 0x21, 0x85, 0x56, 0xcd, 0x71, 0x50, 0xcd, 0x7f, 0x50,
  0x18, 0x07, 0xdd, 0x7e, 0x08, 0x2f, 0xe6, 0x0f, 0x47, 0xdd, 0x7e, 0x01, 0xfe, 0xe0, 0x20, 0x02,
  0x3e, 0xc0, 0x4f, 0x7b, 0xe6, 0x0f, 0xb1, 0xd3, 0x7f, 0x7b, 0xe6, 0xf0, 0xb2, 0x0f, 0x0f, 0x0f,
  0x0f, 0xd3, 0x7f, 0xdd, 0x7e, 0x01, 0xc6, 0x10, 0xb0, 0xd3, 0x7f, 0xc9, 0x3a, 0x04, 0xc3, 0x3c,
  0x32, 0x04, 0xc3, 0x3a, 0x3b, 0xc2, 0x4f, 0x06, 0x00, 0x21, 0x65, 0x4f, 0xcd, 0x5e, 0x4f, 0x3a,
  0x3c, 0xc2, 0xb7, 0x28, 0x06, 0xaf, 0x32, 0x3c, 0xc2, 0x18, 0x1f, 0xed, 0x5b, 0x3e, 0xc3, 0xed,
  0x52, 0x38, 0x05, 0x28, 0x04, 0x13, 0x18, 0x01, 0x1b, 0xeb, 0x3a, 0x04, 0xc3, 0xe6, 0x01, 0x28,
  0x05, 0x11, 0x18, 0x00, 0x18, 0x03, 0x11, 0xe8, 0xff, 0x19, 0x22, 0x3e, 0xc3, 0xc9, 0x09, 0x09,
  0x7e, 0x23, 0x66, 0x6f, 0xc9, 0xd4, 0x02, 0xc0, 0x02, 0xac, 0x02, 0x98, 0x02, 0x86, 0x02, 0x74,
  0x02, 0x62, 0x02, 0x50, 0x02, 0x40, 0x02, 0x2e, 0x02, 0x1e, 0x02, 0x10, 0x02, 0x00, 0x02, 0xf2,
  0x01, 0xe4, 0x01, 0xd6, 0x01, 0xc8, 0x01, 0xbc, 0x01, 0xb0, 0x01, 0xa2, 0x01, 0x96, 0x01, 0x8c,
  0x01, 0x80, 0x01, 0x76, 0x01, 0x6a, 0x01, 0x60, 0x01, 0x56, 0x01, 0x4c, 0x01, 0x44, 0x01, 0x3a,
  0x01, 0x30, 0x01, 0x28, 0x01, 0x20, 0x01, 0x18, 0x01, 0x10, 0x01, 0x08, 0x01, 0x00, 0x01, 0xfa,
  0x00, 0xf2, 0x00, 0xec, 0x00, 0xe4, 0x00, 0xde, 0x00, 0xd8, 0x00, 0xd2, 0x00, 0xcc, 0x00, 0xc6,
  0x00, 0xc0, 0x00, 0xba, 0x00, 0xb6, 0x00, 0xb4, 0x00, 0xb0, 0x00, 0xae, 0x00, 0xac, 0x00, 0xaa,
  0x00, 0xa6, 0x00, 0xa4, 0x00, 0xa2, 0x00, 0xa0, 0x00, 0x9c, 0x00, 0x9a, 0x00, 0x98, 0x00, 0x98,
  0x00, 0x96, 0x00, 0x96, 0x00, 0x94, 0x00, 0x94, 0x00, 0xcb, 0x7f, 0xca, 0x07, 0x52, 0xfe, 0x94,
  0xd2, 0x07, 0x52, 0xd6, 0x80, 0xc8, 0xfe, 0x08, 0x28, 0x19, 0xfe, 0x09, 0x28, 0x1a, 0xfe, 0x0c,
  0x28, 0x0c, 0xfe, 0x0d, 0x28, 0x03, 0xc3, 0x41, 0x50, 0x21, 0x3f, 0x59, 0x18, 0x0d, 0x21, 0x20,
  0x59, 0x18, 0x08, 0x21, 0x3e, 0x57, 0x18, 0x03, 0x21, 0xc4, 0x57, 0x11, 0x0f, 0xc3, 0x18, 0x04,
  0x18, 0x1f, 0xc5, 0xe1, 0x46, 0x23, 0xc5, 0x01, 0x09, 0x00, 0xed, 0xb0, 0x3e, 0x20, 0x12, 0x13,
  0x3e, 0x01, 0x12, 0x13, 0xaf, 0x06, 0x15, 0x12, 0x13, 0x10, 0xfc, 0xc1, 0x10, 0xe8, 0xcd, 0x14,
  0x52, 0x3e, 0x80, 0x32, 0x00, 0xc3, 0xc9, 0xc5, 0xdd, 0xcb, 0x00, 0x7e, 0xc4, 0x58, 0x50, 0x11,
  0x20, 0x00, 0xdd, 0x19, 0xc1, 0x10, 0xf0, 0xc9, 0xdd, 0x7e, 0x0b, 0x3c, 0xdd, 0x77, 0x0b, 0xdd,
  0x96, 0x0a, 0xcc, 0xb4, 0x50, 0xdd, 0xcb, 0x00, 0x56, 0xca, 0xaf, 0x4e, 0x06, 0x0f, 0xc3, 0x13,
  0x4f, 0x3d, 0x4f, 0x06, 0x00, 0x09, 0x09, 0x7e, 0x23, 0x66, 0x6f, 0xc9, 0xdd, 0x77, 0x0d, 0xe5,
  0xdd, 0x7e, 0x0d, 0xcb, 0x3f, 0xf5, 0x4f, 0x06, 0x00, 0x09, 0xf1, 0x7e, 0xe1, 0x38, 0x14, 0x0f,
  0x0f, 0x0f, 0x0f, 0xb7, 0x28, 0xe6, 0xfe, 0x10, 0x20, 0x05, 0xdd, 0x35, 0x0d, 0x18, 0xe0, 0xfe,
  0x20, 0x28, 0x0b, 0xdd, 0x34, 0x0d, 0xf6, 0xf0, 0xdd, 0x86, 0x08, 0x3c, 0x38, 0x01, 0xaf, 0x2f,
  0xe6, 0x0f, 0x47, 0xc9, 0xdd, 0x5e, 0x03, 0xdd, 0x56, 0x04, 0x1a, 0x13, 0xfe, 0xe0, 0xd2, 0x10,
  0x51, 0xdd, 0xcb, 0x00, 0x66, 0xc2, 0x0a, 0x51, 0xb7, 0xf2, 0xf1, 0x50, 0xd6, 0x80, 0x28, 0x03,
  0xdd, 0x86, 0x05, 0x21, 0x2b, 0x52, 0x4f, 0x06, 0x00, 0x09, 0x09, 0x7e, 0xdd, 0x77, 0x0f, 0x23,
  0x7e, 0xdd, 0x77, 0x10, 0xdd, 0xcb, 0x00, 0x6e, 0x28, 0x19, 0x1a, 0x13, 0xdd, 0x77, 0x11, 0x1a,
  0x13, 0xdd, 0x77, 0x0a, 0xaf, 0xdd, 0x77, 0x0d, 0xdd, 0x73, 0x03, 0xdd, 0x72, 0x04, 0xaf, 0xdd,
  0x77, 0x0b, 0xc9, 0x1a, 0xb7, 0xf2, 0xf0, 0x50, 0x18, 0xea, 0x32, 0x00, 0xc3, 0xc3, 0xef, 0x50,
  0xfe, 0xec, 0xc8, 0x21, 0x26, 0x51, 0xe5, 0xe6, 0x1f, 0x21, 0x2a, 0x51, 0x4f, 0x06, 0x00, 0x09,
  0x09, 0x7e, 0x23, 0x66, 0x6f, 0xe9, 0x13, 0xc3, 0xba, 0x50, 0x87, 0x51, 0x87, 0x51, 0x58, 0x51,
  0xdf, 0x51, 0x5d, 0x51, 0x67, 0x51, 0x61, 0x51, 0xcd, 0x51, 0xd3, 0x51, 0x50, 0x51, 0x6c, 0x51,
  0x76, 0x51, 0x65, 0x51, 0x81, 0x51, 0xa2, 0x51, 0xa2, 0x51, 0xb5, 0x51, 0xb5, 0x51, 0xd9, 0x51,
  0x1a, 0xdd, 0x86, 0x05, 0xdd, 0x77, 0x05, 0xc9, 0x1a, 0xdd, 0x77, 0x08, 0xc9, 0x3e, 0xe3, 0x18,
  0x02, 0x3e, 0xe7, 0xd3, 0x7f, 0x1b, 0xc9, 0x1a, 0xdd, 0x77, 0x07, 0xc9, 0xdd, 0xcb, 0x00, 0xe6,
  0xdd, 0xcb, 0x00, 0xd6, 0x18, 0x09, 0xdd, 0xcb, 0x00, 0xa6, 0xdd, 0xcb, 0x00, 0x96, 0xaf, 0x1b,
  0xc9, 0xeb, 0x5e, 0x23, 0x56, 0x1b, 0xc9, 0x1a, 0x4f, 0x13, 0x1a, 0x47, 0xc5, 0xdd, 0xe5, 0xe1,
  0xdd, 0x35, 0x09, 0xdd, 0x4e, 0x09, 0xdd, 0x35, 0x09, 0x06, 0x00, 0x09, 0x72, 0x2b, 0x73, 0xd1,
  0x1b, 0xc9, 0xdd, 0xe5, 0xe1, 0xdd, 0x4e, 0x09, 0x06, 0x00, 0x09, 0x5e, 0x23, 0x56, 0xdd, 0x34,
  0x09, 0xdd, 0x34, 0x09, 0xc9, 0x1a, 0x13, 0xc6, 0x12, 0x4f, 0x06, 0x00, 0xdd, 0xe5, 0xe1, 0x09,
  0x7e, 0xb7, 0x20, 0x02, 0x1a, 0x77, 0x13, 0x35, 0xc2, 0x81, 0x51, 0x13, 0xc9, 0xdd, 0xcb, 0x00,
  0xee, 0x1b, 0xc9, 0xdd, 0xcb, 0x00, 0xae, 0x1b, 0xc9, 0xdd, 0xcb, 0x00, 0x9e, 0x1b, 0xc9, 0xcd,
  0xfd, 0x51, 0x1a, 0x21, 0xf9, 0x51, 0x4f, 0x06, 0x00, 0x09, 0x3a, 0x08, 0xc3, 0xa6, 0x32, 0x08,
  0xc3, 0x3e, 0x00, 0xdd, 0x77, 0x00, 0xe1, 0xe1, 0xc9, 0xff, 0x00, 0xfe, 0xfd, 0xdd, 0x7e, 0x01,
  0xc6, 0x10, 0xf6, 0x0f, 0xd3, 0x7f, 0xc9, 0x21, 0x0f, 0xc3, 0x11, 0x10, 0xc3, 0x01, 0xbf, 0x00,
  0x36, 0x00, 0xed, 0xb0, 0x21, 0x1e, 0x52, 0x0e, 0x7f, 0x06, 0x04, 0xed, 0xb3, 0xc9, 0x9f, 0xbf,
  0xdf, 0xff, 0x3e, 0xdf, 0xd3, 0x7f, 0x3e, 0xff, 0xd3, 0x7f, 0xc9, 0x00, 0x00, 0xff, 0x03, 0xc7,
  0x03, 0x90, 0x03, 0x5d, 0x03, 0x2d, 0x03, 0xff, 0x02, 0xd4, 0x02, 0xab, 0x02, 0x85, 0x02, 0x61,
  0x02, 0x3f, 0x02, 0x1e, 0x02, 0x00, 0x02, 0xe3, 0x01, 0xc8, 0x01, 0xaf, 0x01, 0x96, 0x01, 0x80,
  0x01, 0x6a, 0x01, 0x56, 0x01, 0x43, 0x01, 0x30, 0x01, 0x1f, 0x01, 0x0f, 0x01, 0x00, 0x01, 0xf2,
  0x00, 0xe4, 0x00, 0xd7, 0x00, 0xcb, 0x00, 0xc0, 0x00, 0xb5, 0x00, 0xab, 0x00, 0xa1, 0x00, 0x98,
  0x00, 0x90, 0x00, 0x88, 0x00, 0x80, 0x00, 0x79, 0x00, 0x72, 0x00, 0x6c, 0x00, 0x66, 0x00, 0x60,
  0x00, 0x5b, 0x00, 0x55, 0x00, 0x51, 0x00, 0x4c, 0x00, 0x48, 0x00, 0x44, 0x00, 0x40, 0x00, 0x3c,
  0x00, 0x39, 0x00, 0x36, 0x00, 0x33, 0x00, 0x30, 0x00, 0x2d, 0x00, 0x2b, 0x00, 0x28, 0x00, 0x26,
  0x00, 0x24, 0x00, 0x22, 0x00, 0x20, 0x00, 0x1e, 0x00, 0x1c, 0x00, 0x1b, 0x00, 0x19, 0x00, 0x14,
  0x00, 0x10, 0x00, 0x01, 0x00, 0xff, 0x00, 0x80, 0x01, 0x8b, 0x55, 0x00, 0x00, 0x00, 0x0b, 0x08,
  0xc0, 0x01, 0xec, 0x52, 0x00, 0x00, 0x00, 0x08, 0x08, 0xa0, 0x01, 0xdc, 0x53, 0x00, 0x00, 0x09,
  0x0f, 0x08, 0x80, 0x01, 0x00, 0x00, 0x00, 0x00, 0x00, 0x0f, 0x08, 0xc0, 0x01, 0x00, 0x00, 0x00,
  0x00, 0x00, 0x0f, 0x08, 0xe0, 0x01, 0x00, 0x00, 0x00, 0x00, 0x00, 0x0f, 0xec, 0xe5, 0x00, 0xe8,
  0xe2, 0x04, 0x00, 0x00, 0x03, 0x01, 0x50, 0x02, 0xe2, 0x06, 0x01, 0x55, 0x04, 0xe2, 0x09, 0x01,
  0x55, 0x04, 0xe2, 0x0b, 0x01, 0x55, 0x04, 0xe7, 0x01, 0x53, 0x01, 0x04, 0xe8, 0x01, 0x52, 0x0a,
  0x01, 0x51, 0x0a, 0xed, 0x0d, 0x53, 0xe5, 0x00, 0xe8, 0xe2, 0x04, 0x01, 0x56, 0x04, 0xe2, 0x06,
  0x01, 0x55, 0x04, 0xe2, 0x08, 0x01, 0x55, 0x04, 0xe2, 0x09, 0x01, 0x54, 0x04, 0xe7, 0x01, 0x54,
  0x01, 0x02, 0xe8, 0x01, 0x54, 0x08, 0x01, 0x56, 0x08, 0xed, 0x33, 0x53, 0xe2, 0x0c, 0xe7, 0x01,
  0x4a, 0x0e, 0x04, 0x01, 0x48, 0x12, 0x03, 0x01, 0x46, 0x0e, 0x04, 0x01, 0x44, 0x12, 0x03, 0xe8,
  0x00, 0x00, 0x01, 0xe2, 0x0a, 0xe3, 0x02, 0xe2, 0x0b, 0xe7, 0x00, 0x00, 0x00, 0x01, 0x01, 0x4b,
  0x0e, 0x04, 0x01, 0x4a, 0x12, 0x03, 0x01, 0x46, 0x0e, 0x04, 0x01, 0x44, 0x12, 0x03, 0xe8, 0xe2,
  0x08, 0xe3, 0x02, 0xe2, 0x0c, 0xe7, 0x00, 0xa2, 0x0c, 0x04, 0x00, 0xa1, 0x0f, 0x03, 0x00, 0xa0,
  0x0c, 0x04, 0x00, 0x99, 0x0f, 0x03, 0xe8, 0x00, 0x00, 0x01, 0xe2, 0x0a, 0xe3, 0x02, 0xe2, 0x0b,
  0xe7, 0x00, 0x00, 0x00, 0x01, 0x00, 0xa5, 0x0c, 0x04, 0x00, 0xa3, 0x0f, 0x03, 0x00, 0xa1, 0x0c,
  0x04, 0x00, 0x9f, 0x0f, 0x03, 0xe8, 0xe2, 0x08, 0xe3, 0x02, 0xe8, 0xe2, 0x0f, 0xe5, 0x00, 0x00,
  0x88, 0x03, 0x00, 0x00, 0x07, 0x00, 0x88, 0x03, 0x00, 0x00, 0x02, 0xf0, 0x08, 0xaa, 0x53, 0xe2,
  0x0a, 0xe3, 0x01, 0xe8, 0xe2, 0x0f, 0xe5, 0x00, 0x00, 0x6c, 0x03, 0x00, 0x00, 0x07, 0x00, 0x6c,
  0x03, 0x00, 0x00, 0x02, 0xf0, 0x08, 0xc3, 0x53, 0xe2, 0x08, 0xe3, 0x01, 0xf2, 0xe2, 0x0f, 0xe5,
  0x09, 0x00, 0x14, 0x0c, 0xf0, 0x0e, 0xdc, 0x53, 0x00, 0x14, 0x06, 0x00, 0x80, 0x06, 0x00, 0x14,
  0x0c, 0xf0, 0x04, 0xee, 0x53, 0x00, 0x14, 0x06, 0xe5, 0x0b, 0x00, 0x80, 0x06, 0x00, 0x00, 0x36,
  0x00, 0x40, 0x30, 0xf3, 0xe2, 0x0b, 0xe5, 0x09, 0xe0, 0x9a, 0x54, 0xe0, 0x9a, 0x54, 0xe0, 0x9a,
  0x54, 0xe0, 0x7d, 0x54, 0x90, 0x48, 0xe2, 0x08, 0xe5, 0x00, 0x90, 0x60, 0xe5, 0x09, 0xe2, 0x0d,
  0x90, 0x08, 0x90, 0x10, 0x90, 0x28, 0x90, 0x08, 0x90, 0x10, 0x98, 0x28, 0x98, 0x10, 0x98, 0x10,
  0x9a, 0x20, 0x9a, 0x08, 0x9a, 0x10, 0x97, 0x48, 0x98, 0x20, 0x98, 0x10, 0x98, 0x10, 0x95, 0x20,
  0x95, 0x10, 0x95, 0x10, 0x97, 0x48, 0x97, 0x08, 0x97, 0x08, 0x97, 0x18, 0x97, 0x10, 0x90, 0x28,
  0x90, 0x10, 0x98, 0x28, 0x98, 0x10, 0x98, 0x10, 0x9a, 0x20, 0x9a, 0x08, 0x9a, 0x10, 0x97, 0x28,
  0x97, 0x10, 0x97, 0x10, 0x98, 0x20, 0x98, 0x10, 0x98, 0x10, 0x95, 0x20, 0x95, 0x10, 0x95, 0x10,
  0x97, 0x48, 0x97, 0x10, 0x97, 0x18, 0x97, 0x08, 0x97, 0x08, 0xed, 0x03, 0x54, 0x9f, 0x08, 0x9f,
  0x08, 0x9e, 0x08, 0x9f, 0x10, 0xa1, 0x10, 0xe5, 0x09, 0xa3, 0x48, 0xe2, 0x08, 0xe5, 0x00, 0xa3,
  0x28, 0xe5, 0x09, 0xe2, 0x0b, 0x93, 0x08, 0x80, 0x08, 0xee, 0x9f, 0x08, 0x9f, 0x08, 0x9e, 0x08,
  0x9f, 0x10, 0xa1, 0x10, 0x9f, 0x10, 0x9e, 0x10, 0x9f, 0x10, 0x9e, 0x08, 0x9c, 0x10, 0xee, 0xf2,
  0xe2, 0x0e, 0xe5, 0x09, 0x00, 0x00, 0x01, 0x00, 0x16, 0x0b, 0xf0, 0x15, 0xaf, 0x54, 0x00, 0x00,
  0x2a, 0xe5, 0x0b, 0x00, 0x42, 0x30, 0xf3, 0xe2, 0x0b, 0xe5, 0x09, 0xe0, 0x84, 0x55, 0xe0, 0x6f,
  0x55, 0xe0, 0x3f, 0x55, 0x90, 0x48, 0xe2, 0x06, 0xe5, 0x00, 0x90, 0x60, 0xe5, 0x09, 0xe2, 0x0b,
  0x90, 0x08, 0x92, 0x10, 0x93, 0x28, 0x93, 0x08, 0x92, 0x10, 0x90, 0x28, 0x93, 0x10, 0x95, 0x10,
  0x92, 0x20, 0x90, 0x08, 0x92, 0x10, 0x8e, 0x48, 0x90, 0x20, 0x92, 0x10, 0x93, 0x10, 0x92, 0x20,
  0x90, 0x10, 0x8f, 0x10, 0x92, 0x48, 0x90, 0x08, 0x90, 0x08, 0x8f, 0x18, 0x90, 0x10, 0x93, 0x28,
  0x92, 0x10, 0x90, 0x28, 0x92, 0x10, 0x93, 0x10, 0x92, 0x20, 0x90, 0x08, 0x92, 0x10, 0x8e, 0x28,
  0x90, 0x10, 0x92, 0x10, 0x90, 0x20, 0x92, 0x10, 0x93, 0x10, 0x92, 0x20, 0x90, 0x10, 0x8f, 0x10,
  0x92, 0x40, 0x80, 0x08, 0x90, 0x10, 0x8f, 0x18, 0x90, 0x08, 0x92, 0x08, 0xed, 0xc6, 0x54, 0x9c,
  0x08, 0x9c, 0x08, 0x9c, 0x08, 0x9c, 0x10, 0x9c, 0x10, 0xe5, 0x09, 0x9c, 0x48, 0xe2, 0x07, 0xe5,
  0x00, 0x9c, 0x28, 0xe5, 0x09, 0xe2, 0x0c, 0x90, 0x10, 0xee, 0x97, 0x08, 0x97, 0x08, 0x97, 0x08,
  0x97, 0x10, 0x97, 0x10, 0x97, 0x10, 0x97, 0x10, 0x97, 0x10, 0x97, 0x08, 0x97, 0x10, 0xef, 0x9c,
  0x08, 0x9c, 0x08, 0x9c, 0x08, 0x9c, 0x10, 0x9c, 0x10, 0x9c, 0x10, 0x9c, 0x10, 0x9c, 0x10, 0x9c,
  0x08, 0x9c, 0x10, 0xee, 0xe1, 0x5a, 0x55, 0xe1, 0x5a, 0x55, 0xee, 0xe2, 0x0b, 0x80, 0x3c, 0x80,
  0x3c, 0x80, 0x3c, 0x80, 0x48, 0x80, 0x5a, 0xe5, 0x09, 0xe0, 0xf1, 0x55, 0x90, 0x08, 0xf0, 0x14,
  0x9c, 0x55, 0x8b, 0x08, 0x8e, 0x10, 0x90, 0x08, 0x90, 0x08, 0x90, 0x08, 0xf0, 0x06, 0xaa, 0x55,
  0x8c, 0x10, 0x8c, 0x08, 0xf0, 0x06, 0xb2, 0x55, 0x8e, 0x10, 0x8e, 0x08, 0xf0, 0x06, 0xba, 0x55,
  0x8b, 0x10, 0x8b, 0x08, 0xf0, 0x07, 0xc2, 0x55, 0x8c, 0x08, 0xf0, 0x08, 0xc8, 0x55, 0x89, 0x08,
  0xf0, 0x06, 0xce, 0x55, 0x8a, 0x08, 0x80, 0x08, 0x8b, 0x08, 0xf0, 0x07, 0xd8, 0x55, 0x8b, 0x10,
  0x8b, 0x10, 0x8b, 0x08, 0x8b, 0x08, 0x8e, 0x10, 0x90, 0x08, 0xf1, 0x02, 0xa8, 0x55, 0xed, 0x97,
  0x55, 0x8e, 0x08, 0x90, 0x08, 0xf0, 0x0f, 0xf3, 0x55, 0xf1, 0x02, 0xf1, 0x55, 0x8b, 0x08, 0x8c,
  0x08, 0xf0, 0x0f, 0xff, 0x55, 0xf1, 0x02, 0xfd, 0x55, 0x8c, 0x08, 0x8c, 0x08, 0x8c, 0x08, 0x8c,
  0x10, 0x93, 0x10, 0x90, 0x08, 0xee, 0xf2, 0xe7, 0xe2, 0x06, 0xe5, 0x00, 0x03, 0xc7, 0xfc, 0x04,
  0x03, 0xff, 0x10, 0x1f, 0xe8, 0xe5, 0x02, 0x02, 0x00, 0x32, 0xe3, 0x01, 0xf2, 0xe7, 0xe2, 0x0f,
  0xe5, 0x00, 0x00, 0x20, 0xfb, 0x04, 0x00, 0x98, 0x03, 0x1f, 0xe5, 0x01, 0xe8, 0x00, 0x3c, 0x32,
  0xe3, 0x01, 0xe7, 0xe2, 0x0a, 0x01, 0x5c, 0xfc, 0x08, 0xe8, 0x01, 0x7c, 0x08, 0xe2, 0x08, 0x01,
  0x7c, 0x08, 0xe2, 0x06, 0x01, 0x7c, 0x0a, 0xe2, 0x04, 0x01, 0x7c, 0x0c, 0xe2, 0x02, 0x01, 0x7c,
  0x0c, 0xe3, 0x00, 0xe7, 0xe2, 0x0a, 0x01, 0x52, 0xf9, 0x08, 0xe8, 0x01, 0x8a, 0x08, 0xe2, 0x07,
  0x01, 0x8a, 0x08, 0xe2, 0x05, 0x01, 0x8a, 0x0a, 0xe2, 0x03, 0x01, 0x8a, 0x0c, 0xe2, 0x02, 0x01,
  0x8a, 0x0c, 0xe3, 0x00, 0xff, 0x9b, 0x56, 0xbb, 0x56, 0xbe, 0x56, 0xd6, 0x56, 0xdf, 0x56, 0xe6,
  0x56, 0xf5, 0x56, 0xfb, 0x56, 0xff, 0x56, 0x17, 0x57, 0x1e, 0x57, 0xff, 0xff, 0xff, 0xee, 0xee,
  0xdd, 0xdd, 0xcc, 0xcc, 0xbb, 0xbb, 0xaa, 0xaa, 0x99, 0x99, 0x88, 0x88, 0x77, 0x77, 0x77, 0x66,
  0x66, 0x66, 0x55, 0x55, 0x55, 0x44, 0x43, 0x33, 0x32, 0x22, 0x02, 0xfd, 0x96, 0x02, 0xff, 0xed,
  0xdc, 0xbb, 0xa9, 0x98, 0x77, 0xbb, 0xaa, 0x99, 0x88, 0x77, 0x66, 0x55, 0x77, 0x76, 0x66, 0x55,
  0x54, 0x44, 0x33, 0x22, 0x11, 0x02, 0xed, 0xcb, 0xa9, 0x87, 0x76, 0x54, 0x32, 0x21, 0x02, 0xff,
  0xee, 0xdc, 0xbb, 0xa9, 0x87, 0x01, 0xde, 0xff, 0xff, 0xee, 0xdd, 0xcc, 0xbb, 0xaa, 0x99, 0x88,
  0x77, 0x66, 0x55, 0x44, 0x01, 0xfd, 0xa8, 0x64, 0x33, 0x21, 0x02, 0xff, 0xee, 0xdc, 0x01, 0xff,
  0xed, 0xdc, 0xbb, 0xa9, 0x98, 0x77, 0xbb, 0xaa, 0x99, 0x88, 0x77, 0x66, 0x55, 0x77, 0x76, 0x66,
  0x55, 0x54, 0x44, 0x33, 0x22, 0x11, 0x02, 0xff, 0xee, 0xdc, 0xbb, 0xa9, 0x87, 0x01, 0xff, 0xff,
  0xff, 0xee, 0xee, 0xdd, 0xdd, 0xcc, 0xcc, 0xbb, 0xbb, 0xaa, 0xaa, 0x99, 0x99, 0x88, 0x88, 0x77,
  0x77, 0x77, 0x66, 0x66, 0x66, 0x55, 0x55, 0x55, 0x44, 0x43, 0x33, 0x32, 0x22, 0x02, 0x03, 0x80,
  0x80, 0x01, 0x5a, 0x57, 0xf4, 0x00, 0x03, 0x0c, 0x80, 0xa0, 0x01, 0x7d, 0x57, 0xf4, 0x00, 0x03,
  0x0b, 0x80, 0xc0, 0x01, 0xa0, 0x57, 0xf4, 0x00, 0x03, 0x0c, 0xa2, 0x0e, 0x07, 0x07, 0x07, 0x07,
  0xa0, 0x0e, 0x07, 0x99, 0x9d, 0xa0, 0xf0, 0x00, 0x02, 0x5a, 0x57, 0xa3, 0x0e, 0x07, 0x9b, 0x9e,
  0xa3, 0xa5, 0x0e, 0x07, 0x07, 0x07, 0x07, 0xe5, 0x08, 0xaa, 0x46, 0xe3, 0x01, 0x9e, 0x0e, 0x07,
  0x07, 0x07, 0x07, 0x9d, 0x0e, 0x07, 0x07, 0x07, 0x07, 0xf0, 0x00, 0x02, 0x7d, 0x57, 0x9e, 0x0e,
  0x07, 0x8f, 0x92, 0x97, 0xa0, 0x0e, 0x07, 0x07, 0x07, 0x07, 0xe5, 0x08, 0xa5, 0x46, 0xe3, 0x01,
  0x8d, 0x0e, 0x07, 0x07, 0x07, 0x07, 0x0e, 0x07, 0x07, 0x07, 0x07, 0xf0, 0x00, 0x02, 0xa0, 0x57,
  0x8f, 0x0e, 0x07, 0x07, 0x07, 0x91, 0x0e, 0x07, 0x07, 0x07, 0x07, 0x92, 0x15, 0x8d, 0xe5, 0x08,
  0x92, 0x1c, 0xe3, 0x01, 0x03, 0x80, 0x80, 0x01, 0xe0, 0x57, 0xf4, 0x00, 0x06, 0x0c, 0x80, 0xa0,
  0x01, 0x3d, 0x58, 0xf4, 0x00, 0x06, 0x0c, 0x80, 0xc0, 0x01, 0x8d, 0x58, 0x00, 0x00, 0x03, 0x0d,
  0xa7, 0x15, 0x07, 0xa6, 0xa7, 0xa6, 0x15, 0x07, 0xa4, 0xa6, 0xa7, 0x15, 0xa6, 0xa4, 0x0e, 0x07,
  0xa6, 0x15, 0x23, 0x07, 0xa4, 0x1c, 0xa2, 0x07, 0xa4, 0xa6, 0x15, 0xa4, 0xa2, 0xa6, 0xa2, 0x07,
  0xe0, 0x34, 0x58, 0xa4, 0x07, 0xe0, 0x34, 0x58, 0xa2, 0x07, 0xe0, 0x34, 0x58, 0xa7, 0x15, 0xa6,
  0xa2, 0xa4, 0xa2, 0x1c, 0x07, 0x07, 0xa4, 0x0e, 0xa6, 0x9b, 0xa4, 0x1c, 0x07, 0x07, 0x2a, 0xa6,
  0x0e, 0x07, 0x9f, 0xa2, 0xa6, 0xa4, 0x0e, 0xa6, 0xa7, 0xe5, 0x08, 0xa9, 0x1c, 0xe2, 0x0b, 0xe5,
  0x01, 0x23, 0xe3, 0x01, 0x07, 0x07, 0x07, 0x07, 0x07, 0x15, 0x0e, 0x07, 0xee, 0x9d, 0x15, 0x07,
  0x07, 0x07, 0x15, 0x07, 0x07, 0x07, 0x9d, 0x15, 0x15, 0x0e, 0x07, 0x15, 0x9c, 0x23, 0x07, 0x1c,
  0x98, 0x07, 0xa2, 0x9c, 0x15, 0x9c, 0x9c, 0x9c, 0x9f, 0x07, 0xe0, 0x34, 0x58, 0xa1, 0x07, 0xe0,
  0x34, 0x58, 0x9f, 0x07, 0xe0, 0x34, 0x58, 0xa1, 0x15, 0xa1, 0x9f, 0xa1, 0x9f, 0x1c, 0x07, 0x07,
  0x0e, 0x0e, 0x0e, 0xa1, 0x1c, 0x07, 0x07, 0x2a, 0xa2, 0x0e, 0x07, 0x96, 0x9a, 0x9d, 0xa1, 0x0e,
  0xa2, 0xa4, 0xe5, 0x08, 0xa6, 0x1c, 0xe2, 0x0b, 0xe5, 0x01, 0x23, 0xe3, 0x01, 0x8a, 0x07, 0xe0,
  0xe9, 0x58, 0x85, 0x07, 0x8a, 0x8e, 0x8a, 0x8e, 0x91, 0x91, 0x96, 0x9a, 0x9a, 0x9d, 0xa2, 0x87,
  0x23, 0x07, 0x07, 0x07, 0x07, 0x07, 0x07, 0x07, 0x87, 0x07, 0x07, 0x07, 0x07, 0x07, 0x07, 0x07,
  0x07, 0x07, 0x15, 0x83, 0x07, 0xe0, 0xe9, 0x58, 0x9d, 0x07, 0xe0, 0x34, 0x58, 0x83, 0x07, 0xe0,
  0xe9, 0x58, 0x85, 0x07, 0xe0, 0xe9, 0x58, 0x83, 0x1c, 0x07, 0x07, 0x83, 0x0e, 0x85, 0x87, 0x85,
  0x1c, 0x07, 0x07, 0x2a, 0x87, 0x0e, 0x07, 0x07, 0x8a, 0x82, 0x85, 0x0e, 0x87, 0x89, 0xe5, 0x08,
  0x8a, 0x1c, 0xe2, 0x0b, 0xe5, 0x01, 0x23, 0xe3, 0x01, 0x07, 0x07, 0x07, 0x07, 0x07, 0x07, 0x07,
  0x07, 0x07, 0x07, 0x07, 0xee, 0x02, 0xa0, 0xa0, 0x01, 0x08, 0x59, 0x00, 0x00, 0x03, 0x0c, 0xa0,
  0xe0, 0x01, 0x13, 0x59, 0x00, 0x00, 0x00, 0x0f, 0x82, 0xfc, 0x04, 0x81, 0x10, 0x1f, 0xe8, 0x8d,
  0x32, 0xe3, 0x01, 0xbd, 0xfb, 0x04, 0xa2, 0x03, 0x1f, 0xe5, 0x01, 0xe8, 0xb2, 0x32, 0xe3, 0x01,
  0x02, 0x80, 0x80, 0x01, 0x33, 0x59, 0x00, 0x00, 0x00, 0x0f, 0x80, 0xa0, 0x01, 0x39, 0x59, 0x00,
  0x00, 0x00, 0x0f, 0xa4, 0x02, 0x80, 0x07, 0xe3, 0x01, 0xa8, 0x02, 0x80, 0x07, 0xe3, 0x01, 0x03,
  0x80, 0x80, 0x01, 0x5b, 0x59, 0xdc, 0x00, 0x03, 0x0c, 0x80, 0xa0, 0x01, 0x6e, 0x59, 0xdc, 0x00,
  0x02, 0x0f, 0x80, 0xc0, 0x01, 0x75, 0x59, 0xf4, 0x00, 0x03, 0x0f, 0xb0, 0x60, 0x80, 0x20, 0xb1,
  0x60, 0x80, 0x20, 0xb3, 0x60, 0x80, 0x20, 0xb1, 0x60, 0x80, 0x20, 0xed, 0x5b, 0x59, 0xa9, 0x60,
  0x80, 0x20, 0xed, 0x6e, 0x59, 0xe2, 0x0d, 0x91, 0x18, 0xe2, 0x0c, 0x98, 0x18, 0x9b, 0x10, 0xed,
  0x75, 0x59, 0xff, 0x00, 0x00, 0x00, 0x00, 0x00, 0x00, 0x00, 0x00, 0x00, 0x00, 0x00, 0x00, 0x00,
  0x0c, 0x0c, 0x0c, 0x00, 0x00, 0x00, 0x00, 0x00, 0x00, 0x00, 0x00, 0x00, 0x00, 0x00, 0x00, 0x00,
  0x00, 0x00, 0x00, 0x07, 0x07, 0x0f, 0x0c, 0x03, 0x0f, 0x5f, 0xa8, 0x40, 0xc0, 0x00, 0x00, 0x00,
  0x2f, 0x1f, 0x14, 0x80, 0x80, 0xc0, 0xc0, 0x00, 0xc0, 0xe8, 0x54, 0x08, 0x0c, 0x00, 0x00, 0x00,
  0xd0, 0xe0, 0xa0, 0x14, 0x1f, 0x0c, 0x04, 0x04, 0x04, 0x10, 0x10, 0x00, 0x00, 0x00, 0x00, 0x00,
  0x00, 0x00, 0x00, 0xa0, 0xe0, 0xc0, 0x80, 0x80, 0x80, 0x20, 0x20, 0x00, 0x00, 0x00, 0x00, 0x00,
  0x00, 0x00, 0x00, 0x00, 0x00, 0x00, 0x00, 0x07, 0x0f, 0x0f, 0x08, 0x0f, 0x1f, 0x51, 0x30, 0xa0,
  0x20, 0x00, 0x00, 0x00, 0x00, 0x00, 0x00, 0x00, 0x80, 0x80, 0x40, 0x90, 0xe0, 0x08, 0x70, 0x00,
  0x00, 0x08, 0x00, 0x00, 0x01, 0x03, 0x07, 0x0f, 0x0d, 0x0e, 0x07, 0x11, 0x00, 0x04, 0x00, 0x00,
  0x00, 0x00, 0x00, 0xf0, 0xd8, 0xe8, 0xb8, 0x30, 0xf8, 0xe0, 0xc2, 0x41, 0x00, 0x80, 0x40, 0x60,
  0x20, 0x00, 0x00, 0x00, 0x00, 0x00, 0x00, 0x03, 0x07, 0x07, 0x08, 0x27, 0x1f, 0x42, 0x38, 0x00,
  0x00, 0x40, 0x00, 0x00, 0x00, 0x00, 0x00, 0x80, 0xc0, 0xc0, 0x40, 0xc0, 0xe0, 0x28, 0x30, 0x14,
  0x10, 0x00, 0x00, 0x0f, 0x1b, 0x17, 0x1d, 0x0c, 0x1f, 0x07, 0x43, 0x82, 0x00, 0x01, 0x02, 0x06,
  0x04, 0x00, 0x00, 0x00, 0x80, 0xc0, 0xe0, 0xf0, 0xb0, 0x70, 0xe0, 0x88, 0x00, 0x20, 0x00, 0x00,
  0x00, 0x00, 0x00, 0x00, 0x00, 0x00, 0x00, 0x00, 0x00, 0x00, 0x00, 0x00, 0x00, 0x00, 0x00, 0x00,
  0x00, 0x0c, 0x1e, 0x00, 0x00, 0x00, 0x00, 0x00, 0x00, 0x00, 0x00, 0x00, 0x00, 0x00, 0x00, 0x00,
  0x00, 0x00, 0x00, 0x1e, 0x12, 0x00, 0x3f, 0x73, 0x00, 0x80, 0x00, 0x1e, 0x3f, 0x2d, 0x3f, 0x12,
  0x12, 0x00, 0x21, 0x00, 0x00, 0x00, 0x00, 0x80, 0x00, 0x40, 0x00, 0x00, 0x00, 0x00, 0x00, 0x00,
  0x00, 0x00, 0x00, 0x60, 0xf0, 0xc0, 0xbe, 0x62, 0xc0, 0x80, 0x80, 0x07, 0x0d, 0x1f, 0x16, 0x1c,
  0x0e, 0x20, 0x04, 0x00, 0x00, 0x00, 0x00, 0x00, 0x00, 0x00, 0x00, 0x00, 0x80, 0x80, 0x80, 0x40,
  0x00, 0x00, 0x00, 0x01, 0x03, 0x00, 0x1f, 0x11, 0x00, 0x00, 0x00, 0x38, 0x6c, 0x7e, 0x5a, 0x8e,
  0x1c, 0x00, 0x08, 0x80, 0xc0, 0xc0, 0x40, 0x80, 0xc0, 0x40, 0x40, 0x80, 0x20, 0x00, 0x00, 0x00,
  0x00, 0x00, 0x00, 0x00, 0x18, 0x18, 0x00, 0x3c, 0x24, 0x00, 0x00, 0x3c, 0x24, 0x3c, 0x24, 0x42,
  0x00, 0x00, 0x00, 0x00, 0x00, 0x00, 0x00, 0x00, 0x00, 0x00, 0x00, 0x00, 0x00, 0x00, 0x00, 0x00,
  0x00, 0x00, 0x00, 0x00, 0x00, 0xe0, 0xc4, 0xb8, 0x42, 0x80, 0x80, 0x06, 0x0d, 0x1b, 0x14, 0x0c,
  0x00, 0x00, 0x00, 0x00, 0x00, 0x00, 0x00, 0x00, 0x00, 0x00, 0x00, 0x00, 0x00, 0x00, 0x00, 0x00,
  0x00, 0x00, 0x00, 0x00, 0x00, 0x07, 0x23, 0x1d, 0x42, 0x01, 0x01, 0x60, 0xb0, 0xd8, 0x28, 0x30,
  0x00, 0x00, 0x00, 0x00, 0x00, 0x00, 0x00, 0x00, 0x00, 0x00, 0x00, 0x00, 0x00, 0x00, 0x00, 0x00,
  0x00, 0x00, 0x00, 0x00, 0x00, 0x00, 0x00, 0x00, 0x00, 0x00, 0x00, 0x00, 0x30, 0x30, 0x00, 0x30,
  0x00, 0x30, 0x30, 0x00, 0x00, 0x00, 0x00, 0x00, 0x00, 0x00, 0x00, 0x00, 0x00, 0x00, 0x00, 0x00,
  0x00, 0x00, 0x00, 0x00, 0x00, 0x00, 0x00, 0x00, 0x00, 0x00, 0x00, 0x60, 0x40, 0x30, 0x60, 0x00,
  0x0c, 0x1c, 0x18, 0x00, 0x00, 0x00, 0x00, 0x00, 0x00, 0x00, 0x00, 0x00, 0x00, 0x00, 0x00, 0x00,
  0x00, 0x00, 0x00, 0x00, 0x00, 0x00, 0x00, 0x00, 0x00, 0x00, 0x00, 0x06, 0x02, 0x0c, 0x06, 0x00,
  0x30, 0x38, 0x18, 0x00, 0x00, 0x00, 0x00, 0x00, 0x00, 0x00, 0x00, 0x00, 0x00, 0x00, 0x00, 0x00,
  0x00, 0x00, 0x00, 0x00, 0x00, 0x00, 0x03, 0x0c, 0x30, 0x20, 0x57, 0xaf, 0x1f, 0x3f, 0x7f, 0x7f,
  0x50, 0x60, 0x6b, 0x00, 0x00, 0x00, 0x00, 0xc0, 0x30, 0x10, 0xa8, 0xd4, 0xe0, 0xf0, 0xf8, 0xf8,
  0x28, 0x18, 0x58, 0x6b, 0x60, 0x33, 0x38, 0x3b, 0x18, 0x0f, 0x0f, 0x07, 0x07, 0x07, 0x07, 0x07,
  0x07, 0x07, 0x03, 0x58, 0x18, 0x30, 0x70, 0x70, 0x60, 0xc0, 0xc0, 0x80, 0x80, 0x80, 0x80, 0x80,
  0x80, 0x80, 0x00, 0x00, 0x00, 0x00, 0x00, 0x00, 0x00, 0x00, 0x07, 0x10, 0x20, 0x2e, 0xcf, 0x5f,
  0xdf, 0x7f, 0x1f, 0x00, 0x00, 0x00, 0x00, 0x00, 0x00, 0x00, 0x80, 0x60, 0x18, 0xf0, 0x80, 0x98,
  0xfc, 0xf4, 0xfc, 0x7e, 0x7c, 0x78, 0xf0, 0xe1, 0xe4, 0xe2, 0xe0, 0xd5, 0xff, 0x76, 0x1f, 0x01,
  0x00, 0x00, 0x00, 0x1c, 0x4c, 0x2c, 0x8c, 0x9c, 0x0c, 0x3e, 0x40, 0x40, 0xc0, 0xc0, 0x40, 0x00,
  0x80, 0x00, 0x00, 0xa8, 0x30, 0xe8, 0xcc, 0xfe, 0x3f, 0x1f, 0x0f, 0x07, 0x00, 0x00, 0x00, 0x00,
  0x00, 0x00, 0x00, 0x00, 0x00, 0x00, 0x00, 0x00, 0x00, 0x80, 0x80, 0x00, 0x00, 0x00, 0x00, 0x00,
  0x00, 0x00, 0x00, 0x00, 0x00, 0x00, 0x00, 0x00, 0x00, 0x00, 0x07, 0x18, 0x60, 0x3d, 0x07, 0x67,
  0xff, 0xbf, 0xff, 0x00, 0x00, 0x00, 0x00, 0x00, 0x00, 0x00, 0x80, 0x20, 0x10, 0xd0, 0xcc, 0xe8,
  0xec, 0xf8, 0xe0, 0x70, 0x64, 0x68, 0x62, 0x73, 0x60, 0xf8, 0x04, 0x05, 0x07, 0x06, 0x05, 0x01,
  0x02, 0x00, 0x00, 0xfc, 0x7c, 0x3c, 0x1e, 0x0e, 0x4e, 0x8e, 0x0e, 0x56, 0xfe, 0xdc, 0xf0, 0x00,
  0x00, 0x00, 0x00, 0x00, 0x00, 0x00, 0x00, 0x00, 0x00, 0x01, 0x01, 0x00, 0x00, 0x00, 0x00, 0x00,
  0x00, 0x00, 0x00, 0x15, 0x0c, 0x17, 0x33, 0x7f, 0xfc, 0xf8, 0xf0, 0xe0, 0x00, 0x00, 0x00, 0x00,
  0x00, 0x00, 0x00, 0x00, 0x00, 0x00, 0x00, 0x00, 0x00, 0x00, 0x00, 0x00, 0x00, 0x00, 0x00, 0x00,
  0x0c, 0x3f, 0x40, 0x00, 0x00, 0x00, 0x00, 0x00, 0x00, 0x00, 0x00, 0x00, 0x00, 0x00, 0x00, 0x00,
  0x00, 0x00, 0x80, 0x8c, 0xde, 0x3f, 0x7f, 0x61, 0x40, 0x52, 0x40, 0x61, 0x2d, 0x33, 0x1e, 0x0c,
  0x0c, 0x0c, 0x0c, 0x40, 0xc0, 0x00, 0x80, 0x80, 0x80, 0x80, 0x80, 0x80, 0x00, 0x00, 0x00, 0x00,
  0x00, 0x00, 0x00, 0x1f, 0x20, 0x4e, 0x9c, 0xbf, 0xbf, 0x5c, 0x39, 0x30, 0x34, 0x31, 0x30, 0x2e,
  0x1d, 0x00, 0x00, 0x00, 0x80, 0x00, 0x00, 0x80, 0xc0, 0x60, 0x20, 0x20, 0xa0, 0x50, 0xa0, 0x70,
  0x38, 0x1c, 0x0c, 0x03, 0x04, 0x01, 0x00, 0x07, 0x0f, 0x18, 0x12, 0x10, 0x14, 0x2a, 0x14, 0x39,
  0x72, 0xe0, 0xc0, 0xe0, 0x10, 0xc8, 0xe4, 0xf4, 0xf4, 0xe8, 0x70, 0x30, 0xb0, 0x30, 0x30, 0xd0,
  0xe0, 0x00, 0x00, 0x00, 0x00, 0x00, 0x7e, 0xc3, 0x99, 0x3c, 0x7e, 0x42, 0x5a, 0x42, 0x5a, 0x18,
  0x18, 0x18, 0x18, 0x00, 0x00, 0x00, 0x00, 0x00, 0x00, 0x00, 0x00, 0x00, 0x00, 0x00, 0x00, 0x00,
  0x00, 0x00, 0x00, 0x00, 0x00, 0x00, 0x1c, 0x23, 0x5c, 0xbe, 0xbf, 0x5c, 0x19, 0x32, 0x34, 0x31,
  0x1e, 0x03, 0x00, 0x00, 0x00, 0x00, 0x00, 0x00, 0x00, 0x00, 0x80, 0xc0, 0x40, 0x40, 0xa0, 0x40,
  0xe0, 0x70, 0x30, 0x00, 0x00, 0x00, 0x03, 0x0c, 0x03, 0x07, 0x1f, 0x33, 0x29, 0x24, 0x52, 0x28,
  0x77, 0xec, 0xc0, 0x00, 0x00, 0x00, 0x80, 0x40, 0xa0, 0xd0, 0xd0, 0xa0, 0x80, 0xc0, 0xc0, 0xc0,
  0x80, 0x00, 0x00, 0x00, 0x00, 0x00, 0x00, 0x00, 0x00, 0x00, 0x3c, 0x42, 0x3c, 0x24, 0x24, 0x3c,
  0x18, 0x18, 0x18, 0x00, 0x00, 0x00, 0x00, 0x00, 0x00, 0x00, 0x00, 0x00, 0x00, 0x00, 0x00, 0x00,
  0x00, 0x00, 0x00, 0x00, 0x00, 0x00, 0x00, 0x00, 0x00, 0x00, 0x38, 0x4c, 0x90, 0xfc, 0x32, 0x20,
  0x26, 0x37, 0x0b, 0x00, 0x00, 0x00, 0x00, 0x00, 0x00, 0x00, 0x00, 0x00, 0x00, 0x00, 0x00, 0x00,
  0x00, 0x00, 0x00, 0x00, 0x00, 0x00, 0x00, 0x00, 0x00, 0x00, 0x1c, 0x32, 0x09, 0x3f, 0x4c, 0x04,
  0x64, 0xec, 0xd0, 0x00, 0x00, 0x00, 0x00, 0x00, 0x00, 0x00, 0x00, 0x00, 0x00, 0x00, 0x00, 0x00,
  0x00, 0x00, 0x00, 0x00, 0x00, 0x00, 0x00, 0x00, 0x00, 0x00, 0x07, 0x0f, 0x0f, 0x08, 0x07, 0x0f,
  0x1f, 0x19, 0x21, 0x00, 0x00, 0x00, 0x00, 0x00, 0x00, 0x00, 0x00, 0x80, 0x80, 0x80, 0x00, 0xc0,
  0x90, 0x08, 0x20, 0x40, 0x40, 0x00, 0x00, 0x00, 0x01, 0x03, 0x17, 0x05, 0x06, 0x0b, 0x01, 0x00,
  0x00, 0x00, 0x00, 0x58, 0x00, 0x00, 0x00, 0x74, 0xd8, 0x28, 0x38, 0xf8, 0xf8, 0xe4, 0xc0, 0x40,
  0x80, 0x80, 0x60, 0x00, 0x07, 0x08, 0x10, 0x20, 0x66, 0xde, 0xbf, 0x9f, 0x5f, 0x1f, 0x3f, 0x3e,
  0x7c, 0x68, 0x7a, 0x00, 0x00, 0xc0, 0x20, 0x60, 0xf0, 0xd8, 0x80, 0xfc, 0xfe, 0xfe, 0x8a, 0x26,
  0xd6, 0xc6, 0x04, 0xf8, 0xf3, 0xa3, 0xe8, 0xe4, 0xd0, 0x78, 0x3e, 0x1d, 0x05, 0x02, 0x01, 0x00,
  0x00, 0x00, 0x00, 0x98, 0x58, 0x18, 0x10, 0x18, 0x6c, 0xbc, 0x38, 0xe8, 0xcc, 0x7c, 0xfe, 0x3e,
  0x1f, 0x1f, 0x0e, 0x00, 0x00, 0x00, 0x00, 0x00, 0x00, 0x00, 0x00, 0x01, 0x01, 0x01, 0x00, 0x03,
  0x09, 0x10, 0x04, 0x00, 0x00, 0x00, 0x00, 0x00, 0x00, 0x00, 0xe0, 0xf0, 0xf0, 0x10, 0xe0, 0xf0,
  0xf8, 0x98, 0x84, 0x1a, 0x00, 0x00, 0x00, 0x2e, 0x1b, 0x14, 0x1c, 0x1f, 0x1f, 0x27, 0x03, 0x02,
  0x01, 0x01, 0x06, 0x02, 0x02, 0x00, 0x00, 0x00, 0x80, 0xc0, 0xe8, 0xa0, 0x60, 0xd0, 0x80, 0x00,
  0x00, 0x00, 0x00, 0x00, 0x00, 0x03, 0x04, 0x06, 0x0f, 0x1b, 0x01, 0x3f, 0x7f, 0x7f, 0x51, 0x64,
  0x6b, 0x63, 0x20, 0x00, 0xe0, 0x10, 0x08, 0x04, 0x66, 0x7b, 0xfd, 0xf9, 0xfa, 0xf8, 0xfc, 0x7c,
  0x3e, 0x16, 0x5e, 0x19, 0x1a, 0x18, 0x08, 0x18, 0x36, 0x3d, 0x1c, 0x17, 0x33, 0x3e, 0x7f, 0x7c,
  0xf8, 0xf8, 0x70, 0x1f, 0xcf, 0xc5, 0x17, 0x27, 0x0b, 0x1e, 0x7c, 0xb8, 0xa0, 0x40, 0x80, 0x00,
  0x00, 0x00, 0x00, 0xff, 0xff, 0xff, 0xff, 0xff, 0xff, 0xff, 0xff, 0xff, 0xff, 0xff, 0xff, 0xff,
  0xff, 0x60, 0x60, 0xff, 0xff, 0xff, 0xff, 0xff, 0xff, 0xff, 0xff, 0xff, 0xff, 0xff, 0xff, 0xff,
  0xff, 0x06, 0x06, 0x00, 0x00, 0x00, 0x00, 0x00, 0x00, 0xff, 0xff, 0xff, 0xff, 0xff, 0xff, 0xff,
  0xff, 0xff, 0x31, 0x00, 0x00, 0x00, 0x00, 0x00, 0x00, 0xe0, 0xe0, 0xe0, 0xe0, 0xe0, 0xe0, 0xe0,
  0xe0, 0xe0, 0x80, 0x00, 0x00, 0x00, 0x00, 0x00, 0x00, 0x00, 0x00, 0x00, 0x00, 0xfe, 0xfe, 0xfe,
  0xfe, 0xfe, 0x44, 0x00, 0x00, 0x00, 0x00, 0x00, 0x00, 0x00, 0x00, 0x00, 0x00, 0x00, 0x00, 0x00,
  0x00, 0x00, 0x00, 0x00, 0x00, 0x00, 0x00, 0x00, 0x00, 0x00, 0x00, 0x00, 0x00, 0x00, 0x00, 0x00,
  0xf0, 0xf0, 0xf0, 0x00, 0x00, 0x00, 0x00, 0x00, 0x00, 0x00, 0x00, 0x00, 0x00, 0x00, 0x00, 0x00,
  0x00, 0x00, 0x00, 0x00, 0x00, 0x00, 0x02, 0x06, 0x0e, 0x1f, 0x1f, 0x0e, 0x06, 0x02, 0x00, 0x00,
  0x00, 0x40, 0x40, 0x00, 0x00, 0x00, 0x00, 0x00, 0x00, 0xe0, 0xf0, 0x78, 0x18, 0x18, 0x18, 0x00,
  0x00, 0x04, 0x04, 0x00, 0x00, 0x00, 0x00, 0x00, 0x00, 0x00, 0x00, 0x08, 0x18, 0x3f, 0x19, 0x08,
  0x00, 0x00, 0x21, 0x00, 0x00, 0x00, 0x00, 0x00, 0x00, 0x00, 0x00, 0x00, 0x00, 0x00, 0x80, 0x80,
  0x00, 0x00, 0x00, 0x00, 0x00, 0x00, 0x00, 0x00, 0x00, 0x00, 0x00, 0x00, 0x00, 0x00, 0x20, 0x78,
  0x24, 0x00, 0x44, 0x00, 0x00, 0x00, 0x00, 0x00, 0x00, 0x00, 0x00, 0x00, 0x00, 0x00, 0x00, 0x00,
  0x00, 0x00, 0x00, 0x00, 0x00, 0x00, 0x00, 0x00, 0x00, 0x00, 0x00, 0x00, 0x00, 0x00, 0x00, 0x00,
  0x00, 0x40, 0x00, 0x00, 0x00, 0x00, 0x00, 0x00, 0x00, 0x00, 0x00, 0x00, 0x00, 0x00, 0x00, 0x00,
  0x00, 0x00, 0x00, 0x00, 0x00, 0x00, 0x00, 0x00, 0x00, 0x07, 0x0f, 0x1e, 0x18, 0x18, 0x18, 0x00,
  0x00, 0x20, 0x20, 0x00, 0x00, 0x00, 0x40, 0x60, 0x70, 0xf8, 0xf8, 0x70, 0x60, 0x40, 0x00, 0x00,
  0x00, 0x02, 0x02, 0x00, 0x00, 0x00, 0x00, 0x00, 0x00, 0x00, 0x00, 0x02, 0x03, 0x1f, 0x33, 0x22,
  0x00, 0x00, 0x10, 0x00, 0x00, 0x00, 0x00, 0x00, 0x00, 0x00, 0x00, 0x00, 0x00, 0x80, 0x00, 0x00,
  0x00, 0x00, 0x80, 0x00, 0x00, 0x00, 0x00, 0x00, 0x00, 0x00, 0x00, 0x00, 0x00, 0x00, 0x08, 0x3c,
  0x48, 0x00, 0x44, 0x00, 0x00, 0x00, 0x00, 0x00, 0x00, 0x00, 0x00, 0x00, 0x00, 0x00, 0x00, 0x00,
  0x00, 0x00, 0x00, 0xc0, 0xc0, 0xc0, 0xc0, 0xc0, 0xc0, 0xc0, 0xc0, 0xc0, 0xc0, 0xc0, 0xc0, 0xc0,
  0xc0, 0xc0, 0xc0, 0x00, 0x00, 0x00, 0x00, 0x00, 0x00, 0x00, 0x00, 0x00, 0x00, 0x00, 0x00, 0x00,
  0x00, 0x00, 0x00, 0x00, 0x00, 0x00, 0x00, 0x00, 0x00, 0x00, 0x00, 0x03, 0x07, 0x0f, 0x1e, 0x3c,
  0x78, 0xf0, 0x20, 0x00, 0x00, 0x00, 0x00, 0x00, 0x00, 0x00, 0x00, 0x00, 0x80, 0x00, 0x00, 0x00,
  0x00, 0x00, 0x00, 0x00, 0x00, 0x00, 0x00, 0x00, 0x00, 0x00, 0x00, 0x00, 0x00, 0x00, 0x08, 0x1c,
  0x38, 0x70, 0xe0, 0x00, 0x00, 0x00, 0x00, 0x00, 0x00, 0x00, 0x00, 0x00, 0x00, 0x00, 0x00, 0x00,
  0x00, 0x00, 0x00, 0x80, 0x80, 0x80, 0x80, 0x80, 0x80, 0x80, 0x80, 0x00, 0x00, 0x00, 0x00, 0x00,
  0x00, 0x00, 0x00, 0x00, 0x00, 0x00, 0x00, 0x00, 0x00, 0x00, 0x00, 0x00, 0x00, 0x00, 0x00, 0x00,
  0x00, 0x00, 0x00, 0x00, 0x00, 0x00, 0x00, 0x00, 0x00, 0x00, 0x00, 0x00, 0x00, 0x00, 0x00, 0x00,
  0x30, 0x60, 0xc0, 0x00, 0x00, 0x00, 0x00, 0x00, 0x00, 0x00, 0x00, 0x00, 0x00, 0x00, 0x00, 0x00,
  0x00, 0x00, 0x00, 0x00, 0x00, 0x00, 0x00, 0x00, 0x00, 0x00, 0x00, 0x00, 0x00, 0x00, 0x00, 0x00,
  0x00, 0x60, 0xc0, 0x00, 0x00, 0x00, 0x00, 0x00, 0x00, 0x00, 0x00, 0x00, 0x00, 0x00, 0x00, 0x00,
  0x00, 0x00, 0x00, 0x00, 0x00, 0x00, 0x00, 0x00, 0x00, 0x00, 0x00, 0x00, 0x01, 0x00, 0x00, 0x00,
  0x00, 0x00, 0x00, 0x00, 0x00, 0x00, 0x00, 0x00, 0x00, 0x00, 0x00, 0xc0, 0xe0, 0xf0, 0x78, 0x3c,
  0x1e, 0x0f, 0x04, 0x00, 0x00, 0x00, 0x00, 0x00, 0x00, 0x00, 0x00, 0x00, 0x00, 0x00, 0x00, 0x00,
  0x00, 0x00, 0x00, 0x00, 0x00, 0x00, 0x00, 0x00, 0x00, 0x00, 0x00, 0x00, 0x00, 0x00, 0x10, 0x38,
  0x1c, 0x0e, 0x07, 0x00, 0x00, 0x00, 0x00, 0x00, 0x00, 0x00, 0x00, 0x00, 0x00, 0x00, 0x00, 0x00,
  0x00, 0x00, 0x00, 0x00, 0x00, 0x00, 0x00, 0x00, 0x00, 0x00, 0x00, 0x00, 0x00, 0x00, 0x00, 0x00,
  0x0c, 0x06, 0x03, 0x00, 0x00, 0x00, 0x00, 0x00, 0x00, 0x00, 0x00, 0x00, 0x00, 0x00, 0x00, 0x00,
  0x00, 0x00, 0x00, 0x00, 0x00, 0x00, 0x00, 0x00, 0x00, 0x00, 0x00, 0x00, 0x00, 0x00, 0x00, 0x00,
  0x00, 0x06, 0x03, 0x00, 0x00, 0x00, 0x00, 0x00, 0x00, 0x00, 0x00, 0x00, 0x00, 0x00, 0x00, 0x00,
  0x00, 0x70, 0x70, 0x00, 0x00, 0x00, 0x00, 0x00, 0x00, 0x00, 0x00, 0x00, 0x00, 0x00, 0x00, 0x00,
  0x00, 0x00, 0x00, 0x00, 0x00, 0x00, 0x00, 0x00, 0x00, 0x00, 0x00, 0x00, 0xc0, 0xc0, 0x80, 0x80,
  0x80, 0x80, 0xc0, 0x00, 0x00, 0x00, 0x00, 0x00, 0x00, 0x00, 0x00, 0x00, 0x00, 0x00, 0x00, 0x00,
  0x00, 0x00, 0x00, 0x00, 0x00, 0x60, 0xf0, 0xf0, 0xd0, 0xd0, 0xd0, 0xd0, 0xd0, 0xd0, 0xd0, 0xd0,
  0xd0, 0xd0, 0x60, 0x00, 0x00, 0x00, 0x00, 0x00, 0x00, 0x00, 0x00, 0x00, 0x00, 0x00, 0x00, 0x00,
  0x00, 0x00, 0x00, 0x00, 0x00, 0x70, 0xf8, 0xf8, 0xf0, 0xd0, 0xd0, 0xd0, 0xd0, 0xd0, 0xd0, 0xd0,
  0xd0, 0xd0, 0xd0, 0x00, 0x00, 0x00, 0x00, 0x00, 0x00, 0x00, 0x00, 0x00, 0x00, 0x00, 0x00, 0x00,
  0x00, 0x00, 0x00, 0xd0, 0xd0, 0xd0, 0xd0, 0xd0, 0xd0, 0xd0, 0xd0, 0xd0, 0xd0, 0xd0, 0xd0, 0xd0,
  0xd0, 0xd0, 0x70, 0x00, 0x00, 0x00, 0x00, 0x00, 0x00, 0x00, 0x00, 0x00, 0x00, 0x00, 0x00, 0x00,
  0x00, 0x00, 0x00, 0x00, 0x00, 0x00, 0x00, 0x00, 0x00, 0x00, 0x00, 0x00, 0x00, 0x00, 0x40, 0x40,
  0x40, 0x40, 0x00, 0x00, 0x00, 0x00, 0x00, 0x00, 0x00, 0x00, 0x00, 0x00, 0x00, 0x00, 0x00, 0x00,
  0x00, 0x00, 0x00, 0x00, 0x00, 0x00, 0x00, 0x00, 0x20, 0x20, 0x20, 0x20, 0x20, 0x20, 0x20, 0x20,
  0x20, 0x20, 0x00, 0x00, 0x00, 0x00, 0x00, 0x00, 0x00, 0x00, 0x00, 0x00, 0x00, 0x00, 0x00, 0x00,
  0x00, 0x00, 0x00, 0x00, 0x00, 0x00, 0x00, 0x00, 0x08, 0x28, 0x28, 0x28, 0x28, 0x28, 0x28, 0x28,
  0x28, 0x28, 0x28, 0x00, 0x00, 0x00, 0x00, 0x00, 0x00, 0x00, 0x00, 0x00, 0x00, 0x00, 0x00, 0x00,
  0x00, 0x00, 0x00, 0x28, 0x28, 0x28, 0x28, 0x28, 0x28, 0x28, 0x28, 0x28, 0x28, 0x28, 0x28, 0x28,
  0x28, 0x28, 0x00, 0x00, 0x00, 0x00, 0x00, 0x00, 0x00, 0x00, 0x00, 0x00, 0x00, 0x00, 0x00, 0x00,
  0x00, 0x00, 0x00, 0x00, 0x00, 0x00, 0x00, 0x00, 0x00, 0x00, 0x00, 0x00, 0x01, 0x03, 0x03, 0x03,
  0x03, 0x03, 0x03, 0x00, 0x00, 0x00, 0x00, 0x00, 0x00, 0x00, 0x00, 0x00, 0x00, 0x00, 0x80, 0x80,
  0x80, 0x80, 0x80, 0x23, 0x63, 0x63, 0x63, 0x63, 0x7f, 0x7f, 0x1b, 0x03, 0x03, 0x03, 0x03, 0x03,
  0x03, 0x03, 0x00, 0x80, 0x80, 0x98, 0x98, 0xb8, 0xf8, 0xf0, 0x80, 0x80, 0x80, 0x80, 0x80, 0x80,
  0x80, 0x80, 0x00, 0x00, 0x00, 0x00, 0x04, 0x0c, 0x0c, 0x4c, 0x4c, 0x4d, 0x7f, 0x7e, 0x1c, 0x0c,
  0x0c, 0x0c, 0x00, 0x00, 0x00, 0x00, 0x00, 0x00, 0x00, 0x00, 0x80, 0x80, 0x80, 0x00, 0x00, 0x00,
  0x00, 0x00, 0x00, 0x00, 0x00, 0x00, 0x00, 0x00, 0x00, 0x00, 0x00, 0x00, 0x10, 0x10, 0x10, 0x78,
  0x30, 0x10, 0x10, 0x00, 0x00, 0x00, 0x00, 0x00, 0x00, 0x00, 0x00, 0x00, 0x00, 0x00, 0x00, 0x00,
  0x00, 0x00, 0x00, 0x00, 0x00, 0x00, 0x00, 0x00, 0x00, 0x00, 0x00, 0x00, 0x00, 0x00, 0x00, 0x20,
  0x70, 0x60, 0x20, 0x00, 0x00, 0x00, 0x00, 0x00, 0x00, 0x00, 0x00, 0x00, 0x00, 0x00, 0x00, 0x00,
  0x00, 0x00, 0x00, 0x00, 0x00, 0x00, 0x00, 0x00, 0x00, 0x00, 0x00, 0x00, 0x02, 0x04, 0x04, 0x04,
  0x04, 0x04, 0x04, 0x00, 0x00, 0x00, 0x00, 0x00, 0x00, 0x00, 0x00, 0x00, 0x00, 0x00, 0x00, 0x00,
  0x00, 0x00, 0x00, 0x44, 0x84, 0x84, 0x84, 0x84, 0x80, 0x80, 0x64, 0x1c, 0x04, 0x04, 0x04, 0x04,
  0x04, 0x04, 0x03, 0x00, 0x10, 0x20, 0x20, 0x00, 0x00, 0x08, 0x70, 0x00, 0x00, 0x00, 0x00, 0x00,
  0x00, 0x00, 0x80, 0x00, 0x00, 0x08, 0x08, 0x10, 0x10, 0x90, 0x90, 0x90, 0x80, 0x81, 0x62, 0x10,
  0x10, 0x10, 0x0c, 0x00, 0x00, 0x00, 0x00, 0x00, 0x00, 0x00, 0x00, 0x00, 0x00, 0x00, 0x00, 0x00,
  0x00, 0x00, 0x00, 0x00, 0x00, 0x00, 0x00, 0x00, 0x00, 0x00, 0x00, 0x00, 0x00, 0x20, 0xa0, 0x84,
  0x48, 0x60, 0x20, 0x00, 0x00, 0x00, 0x00, 0x00, 0x00, 0x00, 0x00, 0x00, 0x00, 0x00, 0x00, 0x00,
  0x00, 0x00, 0x00, 0x00, 0x00, 0x00, 0x00, 0x00, 0x00, 0x00, 0x00, 0x00, 0x00, 0x00, 0x00, 0x40,
  0x00, 0x80, 0x40, 0x00, 0x00, 0x00, 0x00, 0x00, 0x00, 0x00, 0x00, 0x00, 0x00, 0x00, 0x00, 0x00,
  0x00, 0x00, 0x00, 0x05, 0x1b, 0x3e, 0x23, 0x4d, 0xac, 0xce, 0x64, 0x6a, 0x05, 0x45, 0x07, 0x30,
  0x00, 0x14, 0x08, 0x80, 0xf0, 0x78, 0xb6, 0xe6, 0xd9, 0xf2, 0x9f, 0xe8, 0x83, 0x96, 0x64, 0x8c,
  0x10, 0x00, 0x20, 0x00, 0x00, 0x00, 0x00, 0x00, 0x00, 0x0a, 0x39, 0x6e, 0x34, 0x70, 0x6f, 0x30,
  0x04, 0x01, 0x00, 0x00, 0x00, 0x00, 0x00, 0x00, 0x00, 0x00, 0x00, 0xc0, 0x40, 0xa0, 0xc0, 0x20,
  0x40, 0x00, 0x00, 0x00, 0x00, 0x00, 0x00, 0x00, 0x00, 0x00, 0x00, 0x00, 0x00, 0x00, 0x58, 0x5c,
  0x74, 0x18, 0x00, 0x00, 0x00, 0x00, 0x00, 0x00, 0x00, 0x00, 0x00, 0x00, 0x00, 0x00, 0x00, 0x00,
  0x00, 0x00, 0x00, 0x00, 0x00, 0x00, 0x00, 0x00, 0x00, 0x00, 0x00, 0x00, 0x00, 0x00, 0x00, 0x00,
  0x40, 0xe0, 0x20, 0x00, 0x00, 0x00, 0x00, 0x00, 0x00, 0x00, 0x00, 0x00, 0x00, 0x00, 0x00, 0x00,
  0x00, 0x00, 0x00, 0x00, 0x00, 0x00, 0x18, 0x22, 0x52, 0x31, 0x1a, 0x95, 0x7a, 0xba, 0x78, 0x0f,
  0x1f, 0x0b, 0x03, 0x40, 0x00, 0x84, 0x40, 0x18, 0x04, 0x08, 0x60, 0x05, 0x7c, 0x60, 0x9b, 0x72,
  0xcc, 0xf0, 0x80, 0x00, 0x00, 0x00, 0x00, 0x00, 0x00, 0x00, 0x06, 0x01, 0xca, 0x8b, 0x10, 0xcf,
  0x7b, 0x3e, 0x1a, 0x00, 0x00, 0x00, 0x00, 0x00, 0x00, 0x00, 0x00, 0x00, 0x80, 0x40, 0x00, 0x40,
  0x80, 0x80, 0x00, 0x00, 0x00, 0x00, 0x00, 0x00, 0x00, 0x00, 0x00, 0x00, 0x00, 0x00, 0x20, 0x80,
  0x80, 0xe4, 0x78, 0x00, 0x00, 0x00, 0x00, 0x00, 0x00, 0x00, 0x00, 0x00, 0x00, 0x00, 0x00, 0x00,
  0x00, 0x00, 0x00, 0x00, 0x00, 0x00, 0x00, 0x00, 0x00, 0x00, 0x00, 0x00, 0x00, 0x00, 0x00, 0x00,
  0x00, 0x00, 0xc0, 0x00, 0x00, 0x00, 0x00, 0x00, 0x00, 0x00, 0x00, 0x00, 0x00, 0x00, 0x00, 0x00,
  0x00, 0x00, 0x00, 0x00, 0x00, 0x00, 0x00, 0x00, 0x00, 0x00, 0x00, 0xff, 0xff, 0xff, 0xff, 0xff,
  0xff, 0xff, 0xff, 0x00, 0x00, 0x00, 0x00, 0x00, 0x00, 0x00, 0x00, 0xfc, 0xfc, 0xfc, 0xfc, 0xfc,
  0xfc, 0xfc, 0xfc, 0xff, 0xff, 0xff, 0xff, 0xff, 0xff, 0xff, 0xff, 0xff, 0xff, 0xff, 0xff, 0xff,
  0xff, 0xff, 0xff, 0xfc, 0xfc, 0xfc, 0xfc, 0xfc, 0xfc, 0xfc, 0xfc, 0xfc, 0xfc, 0xfc, 0xfc, 0xfc,
  0xfc, 0xfc, 0xfc, 0xff, 0xff, 0xff, 0xff, 0xff, 0xff, 0xff, 0xff, 0xff, 0xff, 0xff, 0xff, 0xff,
  0xff, 0xff, 0xff, 0x80, 0x80, 0x80, 0x80, 0x80, 0x80, 0x80, 0x80, 0x80, 0x80, 0x80, 0x80, 0x80,
  0x80, 0x80, 0x80, 0x00, 0x00, 0x00, 0x00, 0x00, 0x00, 0x00, 0x00, 0x00, 0xf8, 0xf8, 0xf8, 0xf8,
  0xf8, 0xf8, 0xf8, 0x00, 0x00, 0x00, 0x00, 0x00, 0x00, 0x00, 0x00, 0x00, 0x00, 0x00, 0x00, 0x00,
  0x00, 0x00, 0x00, 0x00, 0x00, 0x00, 0x00, 0x00, 0x00, 0x00, 0x00, 0x00, 0x00, 0x00, 0x00, 0x00,
  0xc0, 0xc0, 0xc0, 0x00, 0x00, 0x00, 0x00, 0x00, 0x00, 0x00, 0x00, 0x00, 0x00, 0x00, 0x00, 0x00,
  0x00, 0x00, 0x00, 0x00, 0x00, 0x00, 0x00, 0x00, 0x00, 0x00, 0x00, 0x00, 0x00, 0x07, 0x0c, 0x0c,
  0x0d, 0x07, 0x00, 0x00, 0x00, 0x00, 0x00, 0x00, 0x00, 0x00, 0x00, 0x00, 0x00, 0x80, 0x40, 0x00,
  0xc0, 0xc0, 0x00, 0x07, 0x0c, 0x0c, 0x07, 0x00, 0x07, 0x0c, 0x0f, 0x0c, 0x00, 0x0c, 0x0c, 0x0c,
  0x0f, 0x00, 0x00, 0x80, 0xc0, 0xc0, 0x80, 0x00, 0x80, 0xc0, 0xc0, 0xc0, 0x00, 0x00, 0x00, 0x00,
  0xc0, 0x00, 0x00, 0x00, 0x00, 0x1c, 0x1c, 0x00, 0x1c, 0x1c, 0x00, 0x1c, 0x1c, 0x00, 0x10, 0x1c,
  0x00, 0x00, 0x00, 0x00, 0x00, 0x00, 0x00, 0x00, 0x00, 0x00, 0x00, 0x00, 0x00, 0x00, 0x00, 0x00,
  0x00, 0x00, 0x00, 0x00, 0x00, 0x00, 0x00, 0x00, 0x00, 0x00, 0x00, 0x00, 0x00, 0x20, 0x00, 0x20,
  0x00, 0x20, 0x00, 0x00, 0x00, 0x00, 0x00, 0x00, 0x00, 0x00, 0x00, 0x00, 0x00, 0x00, 0x00, 0x00,
  0x00, 0x00, 0x00, 0x00, 0x00, 0x00, 0x00, 0x00, 0x00, 0x00, 0x00, 0xff, 0xff, 0xff, 0xff, 0xff,
  0xff, 0xff, 0xff, 0x00, 0x00, 0x00, 0x00, 0x00, 0x00, 0x00, 0x00, 0xfc, 0xfc, 0xfc, 0xfc, 0xfc,
  0xfc, 0xfc, 0xfc, 0xff, 0xff, 0xff, 0xff, 0xff, 0xff, 0xff, 0xff, 0xff, 0xff, 0xff, 0xff, 0xff,
  0xff, 0xff, 0xff, 0xfc, 0xfc, 0xfc, 0xfc, 0xfc, 0xfc, 0xfc, 0xfc, 0xfc, 0xfc, 0xfc, 0xfc, 0xfc,
  0xfc, 0xfc, 0xfc, 0xff, 0xff, 0xff, 0xff, 0xff, 0xff, 0xff, 0xff, 0xff, 0xff, 0xff, 0xff, 0xff,
  0xff, 0xff, 0xff, 0x80, 0x80, 0x80, 0x80, 0x80, 0x80, 0x80, 0x80, 0x80, 0x80, 0x80, 0x80, 0x80,
  0x80, 0x80, 0x80, 0x00, 0x00, 0x00, 0x00, 0x00, 0x00, 0x00, 0x00, 0x00, 0xf8, 0xf8, 0xf8, 0xf8,
  0xf8, 0xf8, 0xf8, 0x00, 0x00, 0x00, 0x00, 0x00, 0x00, 0x00, 0x00, 0x00, 0x00, 0x00, 0x00, 0x00,
  0x00, 0x00, 0x00, 0x00, 0x00, 0x00, 0x00, 0x00, 0x00, 0x00, 0x00, 0x00, 0x00, 0x00, 0x00, 0x00,
  0xc0, 0xc0, 0xc0, 0x00, 0x00, 0x00, 0x00, 0x00, 0x00, 0x00, 0x00, 0x00, 0x00, 0x00, 0x00, 0x00,
  0x00, 0x00, 0x00, 0x00, 0x00, 0x00, 0x00, 0x00, 0x00, 0x00, 0x00, 0x00, 0x00, 0x07, 0x0c, 0x0c,
  0x0c, 0x0d, 0x07, 0x00, 0x00, 0x00, 0x00, 0x00, 0x00, 0x00, 0x00, 0x00, 0x00, 0x80, 0x40, 0x40,
  0x00, 0xc0, 0xc0, 0x00, 0x07, 0x0c, 0x0c, 0x0c, 0x07, 0x00, 0x00, 0x01, 0x03, 0x03, 0x00, 0x18,
  0x18, 0x00, 0x00, 0x00, 0x80, 0xc0, 0xc0, 0xc0, 0x80, 0x00, 0xc0, 0xc0, 0x80, 0x00, 0x00, 0x00,
  0x00, 0x00, 0x00, 0x00, 0x00, 0x1c, 0x10, 0x1c, 0x00, 0x1c, 0x14, 0x1c, 0x00, 0x06, 0x0c, 0x08,
  0x00, 0x20, 0x00, 0x00, 0x00, 0x00, 0x00, 0x00, 0x00, 0x00, 0x00, 0x00, 0x00, 0x00, 0x00, 0x00,
  0x00, 0x00, 0x00, 0x00, 0x00, 0x00, 0x00, 0x00, 0x00, 0x00, 0x00, 0x00, 0x00, 0x20, 0x00, 0x20,
  0x00, 0x20, 0x00, 0x00, 0x00, 0x00, 0x00, 0x00, 0x00, 0x00, 0x00, 0x00, 0x00, 0x00, 0x00, 0x00,
  0x00, 0x00, 0x00, 0x00, 0x00, 0x00, 0x01, 0x42, 0x10, 0x1c, 0x08, 0xe4, 0x40, 0x10, 0x04, 0x00,
  0x0c, 0x22, 0x02, 0x00, 0x00, 0x00, 0x10, 0x50, 0x40, 0x80, 0x18, 0x20, 0x40, 0x00, 0x60, 0x10,
  0x60, 0x10, 0x00, 0x00, 0x00, 0x00, 0x00, 0x21, 0x0b, 0x03, 0x07, 0x1b, 0x3f, 0x0f, 0x0b, 0x1f,
  0x32, 0x00, 0x00, 0x00, 0x00, 0x00, 0x00, 0x20, 0x20, 0x40, 0xe0, 0xc0, 0xa0, 0xc0, 0x80, 0xe0,
  0x90, 0x00, 0x00, 0x06, 0x14, 0x1e, 0x67, 0xc6, 0x5f, 0x0f, 0x5b, 0xaf, 0x67, 0x67, 0x33, 0x4d,
  0x30, 0x0b, 0x01, 0xc0, 0x90, 0x58, 0xb1, 0x2c, 0xe8, 0xf8, 0xfd, 0xf2, 0xe0, 0xe0, 0xcc, 0x78,
  0xb0, 0x10, 0x80, 0x00, 0x00, 0x00, 0x00, 0x00, 0x00, 0x00, 0x00, 0x00, 0x00, 0x00, 0x00, 0x00,
  0x00, 0x00, 0x13, 0x00, 0x00, 0x00, 0x00, 0x00, 0x00, 0x00, 0x00, 0x00, 0x00, 0x00, 0x00, 0x00,
  0x30, 0x7c, 0xfa, 0x0e, 0x3a, 0x78, 0x66, 0xce, 0xe8, 0xfc, 0x69, 0x54, 0x26, 0x66, 0x33, 0x2c,
  0x13, 0x0d, 0x01, 0x4c, 0xda, 0x69, 0x13, 0x74, 0x05, 0x01, 0x00, 0x03, 0x07, 0x07, 0x0c, 0xa1,
  0xd3, 0x3a, 0x9c, 0x00, 0x00, 0x80, 0x80, 0x80, 0xc0, 0x80, 0x80, 0x40, 0xc0, 0x80, 0x80, 0x00,
  0x00, 0x00, 0x00, 0x00, 0x00, 0x00, 0x00, 0x00, 0x00, 0x00, 0x00, 0x00, 0x00, 0x00, 0x00, 0x00,
  0x00, 0x00, 0x00, 0x00, 0x00, 0x00, 0x00, 0x00, 0x00, 0x00, 0x00, 0x09, 0x0d, 0x13, 0x0e, 0x0c,
  0x19, 0x31, 0x36, 0x00, 0x00, 0x00, 0x00, 0x00, 0x08, 0x30, 0x00, 0xec, 0xfb, 0x87, 0x09, 0x70,
  0x9b, 0x0f, 0xdf, 0x00, 0x00, 0x00, 0x00, 0x00, 0x00, 0x00, 0x00, 0x00, 0x00, 0xe0, 0x80, 0x80,
  0xe0, 0x70, 0xa0, 0x00, 0x00, 0x00, 0x00, 0x00, 0x00, 0x00, 0x00, 0x00, 0x00, 0x00, 0x00, 0x00,
  0x00, 0x00, 0x00, 0x0f, 0x1e, 0xcf, 0x7c, 0x0c, 0x05, 0x63, 0x3c, 0x3d, 0x17, 0x1b, 0x1b, 0x04,
  0x03, 0x08, 0x00, 0xef, 0x07, 0xa3, 0x11, 0x93, 0xfb, 0xee, 0xde, 0xfc, 0xbf, 0x9e, 0xc3, 0x87,
  0xfe, 0x74, 0xc0, 0xb0, 0xc0, 0xf0, 0x98, 0xb0, 0xd0, 0xe0, 0x20, 0xc0, 0xa0, 0x30, 0x60, 0x00,
  0x00, 0x00, 0x00, 0x00, 0x00, 0x00, 0x00, 0x00, 0x00, 0x00, 0x00, 0x00, 0x00, 0x00, 0x00, 0x00,
  0x00, 0x00, 0x00, 0x00, 0x00, 0x01, 0x02, 0x03, 0x01, 0x01, 0x41, 0x43, 0x22, 0x1b, 0x1f, 0x0e,
  0x1c, 0x0c, 0xcf, 0x00, 0x01, 0x03, 0x07, 0x07, 0x9c, 0xff, 0x61, 0x20, 0xc7, 0x1f, 0x38, 0x66,
  0xef, 0x92, 0x01, 0x00, 0x80, 0x00, 0x00, 0x18, 0xf0, 0xf8, 0x3d, 0x4f, 0x81, 0x67, 0xf7, 0x41,
  0x08, 0x05, 0x04, 0x00, 0x00, 0x00, 0x00, 0x20, 0xc0, 0x80, 0x80, 0x00, 0x00, 0x80, 0x90, 0xe0,
  0xc0, 0x80, 0xc0, 0x7e, 0x33, 0x18, 0x0f, 0x4f, 0x39, 0x1c, 0x1c, 0x06, 0x0e, 0x0e, 0x0b, 0x01,
  0x01, 0x00, 0x00, 0x1f, 0x05, 0x3e, 0x36, 0xa0, 0xc1, 0x32, 0x20, 0x84, 0x46, 0x43, 0xb7, 0xc0,
  0x78, 0xd3, 0x1f, 0x83, 0xc0, 0xe6, 0xc4, 0x42, 0x11, 0x1d, 0x33, 0x05, 0x1c, 0xc9, 0x8f, 0x19,
  0xbc, 0xf4, 0xc0, 0x88, 0xd0, 0x10, 0xa0, 0xe0, 0xc0, 0x80, 0x80, 0x00, 0x80, 0xc0, 0x80, 0x80,
  0x00, 0x00, 0x00, 0x13, 0x69, 0xa8, 0x69, 0x4e, 0x6a, 0xf1, 0x6a, 0x97, 0x6b, 0x39, 0x6c, 0xdb,
  0x6c, 0x7f, 0x6d, 0xf1, 0x6a, 0x97, 0x6b, 0x39, 0x6c, 0xdb, 0x6c, 0x7f, 0x6d, 0x13, 0x69, 0xa8,
  0x69, 0x4e, 0x6a, 0x39, 0x6c, 0xdb, 0x6c, 0x7f, 0x6d, 0x13, 0x69, 0xa8, 0x69, 0x4e, 0x6a, 0xf1,
  0x6a, 0x97, 0x6b, 0x01, 0x01, 0x60, 0x02, 0x19, 0x0d, 0x01, 0x67, 0x02, 0x50, 0x05, 0x02, 0x62,
  0x02, 0x45, 0x0d, 0x02, 0x39, 0x60, 0x02, 0x19, 0x73, 0x05, 0x39, 0x74, 0x01, 0x01, 0xc8, 0x01,
  0x03, 0x60, 0x02, 0x17, 0x0b, 0x04, 0x66, 0x02, 0x4e, 0x33, 0x01, 0x03, 0x64, 0x02, 0x11, 0x6b,
  0x04, 0x05, 0x04, 0x31, 0x01, 0x03, 0x74, 0x01, 0x01, 0xc8, 0x01, 0x01, 0x64, 0x02, 0x11, 0x62,
  0x02, 0x45, 0x0d, 0x02, 0x67, 0x02, 0x51, 0x07, 0x02, 0x63, 0x02, 0x48, 0x0d, 0x02, 0x67, 0x02,
  0x50, 0x6b, 0x02, 0x05, 0x02, 0x31, 0x74, 0x01, 0x01, 0xc8, 0x01, 0x01, 0x64, 0x02, 0x13, 0x07,
  0x03, 0x33, 0x01, 0x02, 0x64, 0x02, 0x13, 0x07, 0x03, 0x33, 0x01, 0x02, 0x60, 0x02, 0x19, 0x73,
  0x03, 0x39, 0x74, 0x01, 0x01, 0xc8, 0x01, 0x01, 0x64, 0x02, 0x11, 0x05, 0x01, 0x62, 0x02, 0x45,
  0x0d, 0x01, 0x67, 0x02, 0x50, 0x05, 0x01, 0x62, 0x02, 0x45, 0x0d, 0x01, 0x67, 0x02, 0x51, 0x6d,
  0x03, 0x33, 0x01, 0x02, 0x74, 0x01, 0x01, 0xc8, 0x01, 0x02, 0x64, 0x02, 0x13, 0x07, 0x03, 0x63,
  0x02, 0x48, 0x0d, 0x01, 0x67, 0x02, 0x51, 0x07, 0x01, 0x33, 0x01, 0x01, 0x60, 0x02, 0x19, 0x73,
  0x02, 0x0d, 0x02, 0x39, 0x74, 0x01, 0x01, 0xc8, 0x01, 0x01, 0x64, 0x02, 0x11, 0x05, 0x01, 0x62,
  0x02, 0x45, 0x0d, 0x01, 0x67, 0x02, 0x51, 0x07, 0x02, 0x63, 0x02, 0x47, 0x0b, 0x01, 0x66, 0x02,
  0x4e, 0x6d, 0x03, 0x33, 0x01, 0x01, 0x74, 0x01, 0x01, 0xc8, 0x01, 0x01, 0x64, 0x02, 0x13, 0x07,
  0x02, 0x63, 0x02, 0x48, 0x0d, 0x02, 0x39, 0x01, 0x01, 0x64, 0x02, 0x13, 0x07, 0x01, 0x63, 0x02,
  0x48, 0x73, 0x03, 0x39, 0x01, 0x02, 0x74, 0x01, 0x01, 0xc8, 0x01, 0x01, 0x60, 0x02, 0x19, 0x0d,
  0x03, 0x67, 0x02, 0x51, 0x07, 0x01, 0x63, 0x02, 0x47, 0x0b, 0x01, 0x37, 0x01, 0x02, 0x60, 0x02,
  0x19, 0x73, 0x02, 0x0d, 0x02, 0x39, 0x74, 0x01, 0x01, 0xc8, 0x01, 0x01, 0x64, 0x02, 0x13, 0x07,
  0x01, 0x63, 0x02, 0x48, 0x0d, 0x01, 0x67, 0x02, 0x50, 0x05, 0x01, 0x62, 0x02, 0x45, 0x0d, 0x01,
  0x67, 0x02, 0x51, 0x6d, 0x02, 0x07, 0x02, 0x33, 0x01, 0x01, 0x74, 0x01, 0x01, 0xc8, 0x01, 0x01,
  0x60, 0x02, 0x19, 0x0d, 0x01, 0x39, 0x01, 0x02, 0x64, 0x02, 0x11, 0x05, 0x01, 0x62, 0x02, 0x45,
  0x0d, 0x01, 0x67, 0x02, 0x50, 0x6b, 0x02, 0x05, 0x03, 0x31, 0x01, 0x01, 0x74, 0x01, 0x01, 0xc8,
  0x01, 0x01, 0x64, 0x02, 0x11, 0x05, 0x01, 0x62, 0x02, 0x45, 0x0d, 0x01, 0x67, 0x02, 0x51, 0x07,
  0x01, 0x63, 0x02, 0x47, 0x0b, 0x01, 0x66, 0x02, 0x4e, 0x6d, 0x02, 0x07, 0x02, 0x33, 0x01, 0x01,
  0x74, 0x01, 0x01, 0xc8, 0x01, 0x02, 0x60, 0x02, 0x19, 0x0d, 0x03, 0x67, 0x02, 0x0d, 0x01, 0x51,
  0x07, 0x01, 0x63, 0x02, 0x48, 0x0d, 0x03, 0x67, 0x02, 0x51, 0x6d, 0x04, 0x33, 0x01, 0x03, 0x74,
  0x02, 0x01, 0xc8, 0x01, 0x01, 0x60, 0x02, 0x19, 0x0d, 0x01, 0x67, 0x02, 0x50, 0x05, 0x01, 0x62,
  0x02, 0x45, 0x0d, 0x03, 0x39, 0x60, 0x02, 0x19, 0x0d, 0x03, 0x73, 0x02, 0x39, 0x01, 0x01, 0x74,
  0x01, 0x01, 0xc8, 0x01, 0x01, 0x64, 0x02, 0x11, 0x62, 0x02, 0x45, 0x0d, 0x02, 0x67, 0x02, 0x51,
  0x07, 0x02, 0x63, 0x02, 0x48, 0x0d, 0x02, 0x50, 0x6b, 0x04, 0x31, 0x01, 0x01, 0x74, 0x01, 0x01,
  0xc8, 0x01, 0x01, 0x64, 0x02, 0x13, 0x07, 0x02, 0x63, 0x02, 0x48, 0x0d, 0x02, 0x39, 0x01, 0x01,
  0x64, 0x02, 0x13, 0x07, 0x02, 0x63, 0x02, 0x48, 0x73, 0x02, 0x0d, 0x02, 0x39, 0x74, 0x01, 0x01,
  0xc8, 0x01, 0x01, 0x64, 0x02, 0x11, 0x05, 0x01, 0x62, 0x02, 0x45, 0x0d, 0x01, 0x67, 0x02, 0x50,
  0x05, 0x01, 0x62, 0x02, 0x45, 0x0d, 0x01, 0x67, 0x02, 0x50, 0x6b, 0x02, 0x05, 0x02, 0x31, 0x01,
  0x01, 0x74, 0x01, 0x01, 0xc8, 0x01, 0x01, 0x64, 0x02, 0x13, 0x07, 0x03, 0x33, 0x01, 0x02, 0x64,
  0x02, 0x13, 0x07, 0x03, 0x33, 0x01, 0x02, 0x60, 0x02, 0x19, 0x0d, 0x01, 0x73, 0x02, 0x39, 0x74,
  0x01, 0x01, 0xc8, 0x01, 0x02, 0x64, 0x02, 0x11, 0x05, 0x01, 0x62, 0x02, 0x45, 0x0d, 0x02, 0x67,
  0x02, 0x50, 0x05, 0x01, 0x62, 0x02, 0x45, 0x0d, 0x01, 0x67, 0x02, 0x51, 0x6d, 0x03, 0x33, 0x74,
  0x01, 0x01, 0xc8, 0x01, 0x01, 0x64, 0x02, 0x13, 0x07, 0x01, 0x63, 0x02, 0x48, 0x0d, 0x01, 0x67,
  0x02, 0x50, 0x05, 0x01, 0x62, 0x02, 0x45, 0x0d, 0x01, 0x67, 0x02, 0x51, 0x6d, 0x02, 0x07, 0x02,
  0x33, 0x01, 0x01, 0x74, 0x01, 0x01, 0xc8, 0x01, 0x02, 0x64, 0x02, 0x11, 0x05, 0x01, 0x62, 0x02,
  0x45, 0x0d, 0x01, 0x67, 0x02, 0x51, 0x07, 0x01, 0x63, 0x02, 0x47, 0x0b, 0x02, 0x66, 0x02, 0x4e,
  0x6d, 0x02, 0x07, 0x01, 0x33, 0x74, 0x01, 0x01, 0xc8, 0x01, 0x01, 0x60, 0x02, 0x19, 0x0d, 0x03,
  0x67, 0x02, 0x51, 0x07, 0x01, 0x63, 0x02, 0x47, 0x0b, 0x01, 0x37, 0x01, 0x02, 0x60, 0x02, 0x19,
  0x73, 0x02, 0x0d, 0x01, 0x39, 0x01, 0x01, 0x74, 0x01, 0x01, 0xc8, 0x01, 0x02, 0x60, 0x02, 0x19,
  0x0d, 0x03, 0x67, 0x02, 0x0d, 0x01, 0x51, 0x07, 0x02, 0x63, 0x02, 0x48, 0x0d, 0x02, 0x67, 0x02,
  0x51, 0x6d, 0x02, 0x07, 0x02, 0x33, 0x01, 0x03, 0x74, 0x01, 0x01, 0xc8, 0x01, 0x03, 0x60, 0x02,
  0x17, 0x0b, 0x04, 0x66, 0x02, 0x4e, 0x33, 0x01, 0x03, 0x64, 0x02, 0x11, 0x6b, 0x02, 0x05, 0x04,
  0x31, 0x01, 0x03, 0x74, 0x01, 0x01, 0xc8, 0x01, 0x01, 0x64, 0x02, 0x11, 0x05, 0x01, 0x62, 0x02,
  0x45, 0x0d, 0x01, 0x67, 0x02, 0x50, 0x05, 0x01, 0x62, 0x02, 0x45, 0x0d, 0x01, 0x67, 0x02, 0x51,
  0x6d, 0x03, 0x33, 0x01, 0x02, 0x74, 0x01, 0x01, 0xc8, 0x01, 0x01, 0x60, 0x02, 0x19, 0x0d, 0x01,
  0x39, 0x01, 0x02, 0x64, 0x02, 0x11, 0x05, 0x01, 0x62, 0x02, 0x45, 0x0d, 0x02, 0x67, 0x02, 0x50,
  0x6b, 0x02, 0x05, 0x02, 0x31, 0x74, 0x02, 0x01, 0xc8, 0x01, 0x02, 0x60, 0x02, 0x19, 0x0d, 0x02,
  0x50, 0x62, 0x02, 0x45, 0x0d, 0x03, 0x39, 0x60, 0x02, 0x19, 0x0d, 0x03, 0x73, 0x02, 0x39, 0x01,
  0x02, 0x74, 0x01, 0x01, 0xc8, 0x01, 0x01, 0x64, 0x02, 0x13, 0x07, 0x03, 0x63, 0x02, 0x48, 0x0d,
  0x01, 0x67, 0x03, 0x51, 0x07, 0x01, 0x33, 0x01, 0x01, 0x60, 0x02, 0x19, 0x73, 0x02, 0x0d, 0x01,
  0x39, 0x01, 0x01, 0x74, 0x01, 0x01, 0xc8, 0x01, 0x01, 0x64, 0x02, 0x13, 0x07, 0x02, 0x63, 0x02,
  0x48, 0x0d, 0x02, 0x39, 0x01, 0x01, 0x64, 0x02, 0x13, 0x07, 0x02, 0x63, 0x02, 0x48, 0x73, 0x02,
  0x0d, 0x02, 0x39, 0x74, 0x01, 0x01, 0xc8, 0x01, 0x01, 0x64, 0x02, 0x13, 0x07, 0x01, 0x63, 0x02,
  0x48, 0x0d, 0x01, 0x67, 0x02, 0x50, 0x05, 0x01, 0x62, 0x02, 0x45, 0x0d, 0x01, 0x67, 0x02, 0x51,
  0x6d, 0x02, 0x07, 0x02, 0x33, 0x01, 0x01, 0x74, 0x01, 0x01, 0xc8, 0x01, 0x01, 0x64, 0x02, 0x13,
  0x07, 0x03, 0x33, 0x01, 0x02, 0x64, 0x02, 0x13, 0x07, 0x03, 0x33, 0x01, 0x02, 0x60, 0x02, 0x19,
  0x0d, 0x01, 0x73, 0x02, 0x39, 0x74, 0x01, 0x01, 0xc8, 0x01, 0x02, 0x60, 0x02, 0x19, 0x0d, 0x03,
  0x67, 0x02, 0x51, 0x07, 0x01, 0x63, 0x02, 0x47, 0x0b, 0x01, 0x37, 0x01, 0x02, 0x60, 0x02, 0x19,
  0x73, 0x02, 0x0d, 0x01, 0x39, 0x74, 0x01, 0x01, 0xc8, 0x01, 0x01, 0x64, 0x02, 0x13, 0x07, 0x02,
  0x63, 0x02, 0x48, 0x0d, 0x02, 0x39, 0x01, 0x01, 0x64, 0x02, 0x13, 0x07, 0x02, 0x63, 0x02, 0x48,
  0x0d, 0x02, 0x73, 0x02, 0x39, 0x74, 0x01, 0x01, 0xc8, 0x01, 0x01, 0x64, 0x02, 0x11, 0x05, 0x01,
  0x62, 0x02, 0x45, 0x0d, 0x01, 0x67, 0x02, 0x51, 0x07, 0x01, 0x63, 0x02, 0x47, 0x0b, 0x01, 0x66,
  0x02, 0x4e, 0x6d, 0x02, 0x07, 0x01, 0x33, 0x01, 0x02, 0x74, 0x01, 0x01, 0xc8, 0x01, 0x01, 0x64,
  0x02, 0x13, 0x07, 0x02, 0x63, 0x02, 0x48, 0x0d, 0x01, 0x67, 0x02, 0x51, 0x07, 0x01, 0x33, 0x01,
  0x01, 0x60, 0x02, 0x19, 0x73, 0x02, 0x0d, 0x02, 0x39, 0x01, 0x02, 0x74, 0x01, 0x01, 0xc8, 0x01,
  0x01, 0x64, 0x02, 0x11, 0x05, 0x01, 0x62, 0x02, 0x45, 0x0d, 0x02, 0x67, 0x02, 0x50, 0x05, 0x01,
  0x62, 0x02, 0x45, 0x0d, 0x01, 0x67, 0x02, 0x51, 0x6d, 0x03, 0x33, 0x01, 0x01, 0x74, 0x01, 0x01,
  0xc8, 0x01, 0x01, 0x64, 0x02, 0x11, 0x05, 0x01, 0x62, 0x02, 0x45, 0x0d, 0x02, 0x67, 0x02, 0x50,
  0x05, 0x01, 0x62, 0x02, 0x45, 0x0d, 0x01, 0x67, 0x02, 0x51, 0x6d, 0x02, 0x07, 0x02, 0x33, 0x74,
  0x01, 0x01, 0xc8, 0x01, 0x01, 0x64, 0x02, 0x11, 0x62, 0x02, 0x45, 0x0d, 0x01, 0x67, 0x02, 0x51,
  0x07, 0x02, 0x63, 0x02, 0x48, 0x0d, 0x01, 0x67, 0x02, 0x51, 0x6d, 0x01, 0x07, 0x03, 0x33, 0x01,
  0x01, 0x74, 0x01, 0x01, 0xc8, 0x01, 0x01, 0x60, 0x02, 0x19, 0x0d, 0x01, 0x39, 0x01, 0x02, 0x64,
  0x02, 0x11, 0x05, 0x01, 0x62, 0x02, 0x45, 0x0d, 0x01, 0x67, 0x02, 0x51, 0x07, 0x02, 0x6d, 0x02,
  0x07, 0x01, 0x33, 0x01, 0x01, 0x74, 0x01, 0x01, 0xc8, 0x01, 0x0f, 0x60, 0x02, 0x19, 0x0d, 0x02,
  0x67, 0x02, 0x0d, 0x01, 0x51, 0x48, 0x0d, 0x02, 0x67, 0x02, 0x51, 0x6d, 0x02, 0x07, 0x02, 0x33,
  0x01, 0x05, 0x74, 0x01, 0x01, 0xc8, 0x00, 0x00, 0x00, 0x00, 0x00, 0x00, 0x00, 0x00, 0x00, 0x00,
  0x00, 0x00, 0x00, 0x00, 0x00, 0x00, 0x00, 0x00, 0x01, 0x03, 0x07, 0x0f, 0x3f, 0x00, 0x0f, 0x7f,
  0xfc, 0xf3, 0xef, 0x00, 0x00, 0x3f, 0x00, 0x0f, 0x00, 0x00, 0x00, 0x00, 0x00, 0x00, 0x0f, 0x3f,
  0x00, 0xf3, 0xfd, 0xfc, 0xfc, 0x4c, 0xc0, 0xf0, 0xf8, 0xfc, 0xfe, 0xf8, 0xfe, 0xfc, 0x3f, 0x1f,
  0x07, 0x07, 0x00, 0x00, 0x00, 0x00, 0x7c, 0xe3, 0x01, 0x17, 0x00, 0x3f, 0x0f, 0x00, 0x00, 0xf0,
  0xc0, 0xfd, 0xe0, 0xe0, 0x00, 0x00, 0xe0, 0x00, 0xfe, 0xfc, 0x00, 0x00, 0x00, 0x00, 0xf8, 0x00,
  0x00, 0x00, 0x00, 0x00, 0x00, 0x00, 0xfe, 0xfc, 0xf8, 0xf8, 0xf8, 0xf8, 0xf8, 0xf8, 0xf8, 0xf8,
  0xf8, 0xf8, 0xf8, 0xf8, 0xfc, 0xfe, 0x7f, 0x3f, 0x1f, 0x1f, 0x1f, 0x1f, 0x1f, 0x1f, 0x1f, 0x1f,
  0x1f, 0x1f, 0x1f, 0x1f, 0x3f, 0x7f, 0x00, 0x1c, 0x26, 0x63, 0x63, 0x63, 0x32, 0x1c, 0x00, 0x0c,
  0x1c, 0x0c, 0x0c, 0x0c, 0x0c, 0x3f, 0x00, 0x3e, 0x63, 0x07, 0x1e, 0x3c, 0x70, 0x7f, 0x00, 0x7f,
  0x06, 0x0c, 0x1e, 0x03, 0x63, 0x3e, 0x00, 0x0e, 0x1e, 0x36, 0x66, 0x7f, 0x06, 0x06, 0x00, 0x7e,
  0x60, 0x7e, 0x03, 0x03, 0x63, 0x3e, 0x00, 0x1e, 0x30, 0x60, 0x7e, 0x63, 0x63, 0x3e, 0x00, 0x7f,
  0x63, 0x06, 0x0c, 0x18, 0x18, 0x18, 0x00, 0x3e, 0x63, 0x63, 0x3e, 0x63, 0x63, 0x3e, 0x00, 0x3e,
  0x63, 0x63, 0x3f, 0x03, 0x06, 0x3c, 0x81, 0x3c, 0x7e, 0x7e, 0x3c, 0x00, 0x3c, 0x7e, 0x7e, 0x3c,
  0x00, 0x3c, 0x7e, 0x7e, 0x3c, 0x81, 0x81, 0x3c, 0x7e, 0x7e, 0x3c, 0x00, 0x3c, 0x7e, 0x7e, 0x3c,
  0x00, 0x3c, 0x7e, 0x7e, 0x3c, 0x81, 0x81, 0x3c, 0x7e, 0x7e, 0x3c, 0x00, 0x3c, 0x7e, 0x7e, 0x3c,
  0x00, 0x3c, 0x7e, 0x7e, 0x3c, 0x81, 0x00, 0x00, 0x0c, 0x0c, 0x00, 0x0c, 0x0c, 0x00, 0x00, 0x1c,
  0x36, 0x63, 0x63, 0x7f, 0x63, 0x63, 0x00, 0x7e, 0x63, 0x63, 0x7e, 0x63, 0x63, 0x7e, 0x00, 0x1e,
  0x33, 0x60, 0x60, 0x60, 0x33, 0x1e, 0x00, 0x7c, 0x66, 0x63, 0x63, 0x63, 0x66, 0x7c, 0x00, 0x7f,
  0x60, 0x60, 0x7c, 0x60, 0x60, 0x7f, 0x00, 0x7f, 0x60, 0x60, 0x7c, 0x60, 0x60, 0x60, 0x00, 0x1f,
  0x30, 0x60, 0x67, 0x63, 0x33, 0x1f, 0x00, 0x63, 0x63, 0x63, 0x7f, 0x63, 0x63, 0x63, 0x00, 0x3f,
  0x0c, 0x0c, 0x0c, 0x0c, 0x0c, 0x3f, 0x00, 0x03, 0x03, 0x03, 0x03, 0x03, 0x63, 0x3e, 0x00, 0x63,
  0x66, 0x6c, 0x78, 0x7c, 0x6e, 0x67, 0x00, 0x60, 0x60, 0x60, 0x60, 0x60, 0x60, 0x7f, 0x00, 0x63,
  0x77, 0x7f, 0x7f, 0x6b, 0x63, 0x63, 0x00, 0x63, 0x73, 0x7b, 0x7f, 0x6f, 0x67, 0x63, 0x00, 0x3e,
  0x63, 0x63, 0x63, 0x63, 0x63, 0x3e, 0x00, 0x7e, 0x63, 0x63, 0x63, 0x7e, 0x60, 0x60, 0x00, 0x3e,
  0x63, 0x63, 0x63, 0x6f, 0x66, 0x3b, 0x00, 0x7e, 0x63, 0x63, 0x67, 0x7c, 0x6e, 0x67, 0x00, 0x3c,
  0x66, 0x60, 0x3e, 0x03, 0x63, 0x3e, 0x00, 0x3f, 0x0c, 0x0c, 0x0c, 0x0c, 0x0c, 0x0c, 0x00, 0x63,
  0x63, 0x63, 0x63, 0x63, 0x63, 0x3e, 0x00, 0x63, 0x63, 0x63, 0x77, 0x3e, 0x1c, 0x08, 0x00, 0x63,
  0x63, 0x6b, 0x7f, 0x7f, 0x36, 0x22, 0x00, 0x63, 0x77, 0x3e, 0x1c, 0x3e, 0x77, 0x63, 0x00, 0x33,
  0x33, 0x33, 0x1e, 0x0c, 0x0c, 0x0c, 0x00, 0x7f, 0x07, 0x0e, 0x1c, 0x38, 0x70, 0x7f, 0x3c, 0x42,
  0x99, 0xa1, 0xa1, 0x99, 0x42, 0x3c, 0x3e, 0x7e, 0x60, 0x7c, 0x3e, 0x06, 0x7e, 0x7c, 0x3e, 0x7e,
  0x60, 0x7c, 0x7c, 0x60, 0x7e, 0x3e, 0x3e, 0x7e, 0x60, 0x6e, 0x6e, 0x66, 0x7e, 0x3e, 0x1c, 0x1c,
  0x3e, 0x2e, 0x2e, 0x67, 0x5f, 0x5f, 0x00, 0x40, 0x40, 0x4b, 0x52, 0x62, 0x52, 0x4a, 0x00, 0x00,
  0x00, 0x40, 0xa1, 0xa2, 0xa4, 0xa8, 0x00, 0x20, 0x20, 0xb8, 0x24, 0x24, 0x24, 0x24, 0x00, 0x43,
  0x44, 0x44, 0x44, 0x73, 0x00, 0x00, 0x00, 0x22, 0xa2, 0xaa, 0xb6, 0x22, 0x00, 0x00, 0x00, 0x00,
  0xf9, 0x22, 0x22, 0x22, 0x21, 0x00, 0x00, 0x00, 0x9c, 0x52, 0x52, 0x5c, 0x90, 0x00, 0x00, 0x00,
  0x7e, 0x18, 0x18, 0x18, 0x18, 0x00, 0x00, 0x00, 0xc6, 0xee, 0xd6, 0xc6, 0xc6, 0x00, 0x00, 0x00,
  0x00, 0x3f, 0x70, 0x3e, 0x07, 0x7e, 0x00, 0x0c, 0x0c, 0x3f, 0x0c, 0x0c, 0x0c, 0x06, 0x00, 0x00,
  0x00, 0x6e, 0x73, 0x63, 0x63, 0x63, 0x00, 0x03, 0x03, 0x3f, 0x63, 0x63, 0x63, 0x3f, 0x00, 0x00,
  0x00, 0x6c, 0x73, 0x60, 0x60, 0x60, 0x00, 0x60, 0x60, 0x6e, 0x73, 0x63, 0x63, 0x63, 0x00, 0x00,
  0x00, 0x00, 0x00, 0x00, 0x18, 0x18, 0x00, 0x00, 0x00, 0x00, 0x3e, 0x00, 0x00, 0x00, 0x00, 0x0c,
  0x1e, 0x1e, 0x1e, 0x0c, 0x00, 0x0c, 0x00, 0x3c, 0x42, 0x42, 0x42, 0x42, 0x42, 0x00, 0x42, 0x42,
  0x42, 0x42, 0x42, 0x42, 0x3c, 0x00, 0x00, 0x02, 0x02, 0x02, 0x02, 0x02, 0x02, 0x00, 0x02, 0x02,
  0x02, 0x02, 0x02, 0x02, 0x02, 0x00, 0x00, 0x3c, 0x02, 0x02, 0x02, 0x02, 0x02, 0x3c, 0x40, 0x40,
  0x40, 0x40, 0x40, 0x40, 0x3e, 0x00, 0x02, 0x02, 0x02, 0x02, 0x02, 0x02, 0x3c, 0x00, 0x00, 0x02,
  0x42, 0x42, 0x42, 0x42, 0x42, 0x3c, 0x00, 0x3c, 0x40, 0x40, 0x40, 0x40, 0x40, 0x3c, 0x00, 0x3c,
  0x02, 0x02, 0x02, 0x02, 0x02, 0x00, 0x00, 0x3c, 0x42, 0x42, 0x42, 0x42, 0x42, 0x3c, 0x00, 0x00,
  0x00, 0x10, 0x00, 0x00, 0x00, 0x00, 0x00, 0x0e, 0x1e, 0x36, 0x66, 0x7f, 0x06, 0x06, 0x00, 0x00,
  0x00, 0x00, 0x3e, 0x00, 0x00, 0x00, 0x00, 0x1c, 0x36, 0x63, 0x63, 0x7f, 0x63, 0x63, 0x00, 0x1e,
  0x33, 0x60, 0x60, 0x60, 0x33, 0x1e, 0x00, 0x7f, 0x60, 0x60, 0x7c, 0x60, 0x60, 0x7f, 0x00, 0x1f,
  0x30, 0x60, 0x67, 0x63, 0x33, 0x1f, 0x00, 0x63, 0x63, 0x63, 0x7f, 0x63, 0x63, 0x63, 0x00, 0x3f,
  0x0c, 0x0c, 0x0c, 0x0c, 0x0c, 0x3f, 0x00, 0x63, 0x77, 0x7f, 0x7f, 0x6b, 0x63, 0x63, 0x00, 0x63,
  0x73, 0x7b, 0x7f, 0x6f, 0x67, 0x63, 0x00, 0x3e, 0x63, 0x63, 0x63, 0x63, 0x63, 0x3e, 0x00, 0x7e,
  0x63, 0x63, 0x67, 0x7c, 0x6e, 0x67, 0x00, 0x3c, 0x66, 0x60, 0x3e, 0x03, 0x63, 0x3e, 0x00, 0x3f,
  0x0c, 0x0c, 0x0c, 0x0c, 0x0c, 0x0c, 0x00, 0x63, 0x63, 0x63, 0x77, 0x3e, 0x1c, 0x08, 0x00, 0x33,
  0x33, 0x33, 0x1e, 0x0c, 0x0c, 0x0c, 0x00, 0x0c, 0x0c, 0x3f, 0x0c, 0x0c, 0x0c, 0x06, 0x00, 0x60,
  0x60, 0x6e, 0x73, 0x63, 0x63, 0x63, 0x00, 0x55, 0x55, 0x55, 0xf5, 0xf5, 0xf5, 0xf5, 0xf5, 0xff,
  0xf5, 0xf5, 0xf7, 0xf7, 0xf7, 0xff, 0xff, 0xf7, 0x55, 0xf7, 0xff, 0xff, 0xff, 0xff, 0xff, 0xff,
  0xf5, 0xf5, 0xff, 0xf7, 0xf7, 0xf7, 0xf7, 0xf7, 0xf5, 0xf5, 0xf5, 0xf5, 0xf5, 0xf7, 0x75, 0x75,
  0x75, 0x75, 0x75, 0x75, 0x55, 0x55, 0x55, 0x55, 0xf7, 0xf7, 0xf7, 0xf7, 0x77, 0x75, 0x75, 0x55,
  0xff, 0xf7, 0xf7, 0x75, 0x75, 0x75, 0x55, 0x55, 0xf7, 0x77, 0x75, 0x75, 0x55, 0x55, 0x55, 0x55,
  0x75, 0x55, 0x55, 0x55, 0x55, 0x55, 0x55, 0x55, 0x51, 0xb5, 0x51, 0x91, 0x91, 0x91, 0x91, 0x11,
  0x41, 0x41, 0x41, 0x41, 0x11, 0x41, 0x41, 0x41, 0x41, 0x51, 0x51, 0x41, 0x41, 0x41, 0x41, 0x11,
  0x91, 0x91, 0x91, 0x91, 0x11, 0x41, 0x41, 0x41, 0x41, 0x51, 0x51, 0x41, 0x41, 0x41, 0x41, 0x11,
  0x41, 0x41, 0x41, 0x41, 0x11, 0x91, 0x91, 0x91, 0x91, 0x51, 0xf5, 0xb1, 0xf1, 0xff, 0xff, 0xff,
  0xff, 0xff, 0xff, 0xff, 0xff, 0xff, 0xff, 0xff, 0xff, 0xff, 0xff, 0xff, 0x03, 0xff, 0xff, 0xff,
  0xff, 0xff, 0xfc, 0xe0, 0x1c, 0xff, 0xff, 0xfe, 0xe0, 0x0a, 0x1d, 0xfc, 0x25, 0xf0, 0xc0, 0x18,
  0xaf, 0x39, 0xd1, 0x4f, 0xfa, 0x49, 0x1b, 0x53, 0x46, 0xa9, 0x8a, 0x54, 0xb0, 0x0f, 0x03, 0x18,
  0xf5, 0x9c, 0x8b, 0xf2, 0x5f, 0xff, 0xff, 0x7f, 0x07, 0x50, 0xb8, 0x3f, 0xa4, 0xff, 0xff, 0xff,
  0xff, 0x3f, 0x4f, 0xa5, 0xd7, 0xff, 0xff, 0xff, 0xff, 0xfc, 0x0f, 0xf0, 0x7f, 0xff, 0xff, 0xff,
  0xff, 0xff, 0xf0, 0xfe, 0x1f, 0xff, 0xff, 0xff, 0x0e, 0x1f, 0x1f, 0x0e, 0x0e, 0xc0, 0xc0, 0x80,
  0x80, 0x80, 0x80, 0xff, 0x80, 0xff, 0xff, 0xc1, 0x7f, 0x7f, 0x71, 0x77, 0x77, 0xff, 0xff, 0xc1,
  0x7f, 0x7f, 0x7f, 0x7f, 0x7f, 0xff, 0xff, 0xff, 0xff, 0xff, 0x80, 0xf8, 0x1f, 0xff, 0xff, 0xff,
  0xff, 0xff, 0xff, 0xff, 0xf0, 0xff, 0xff, 0xff, 0xff, 0xff, 0xff, 0xff, 0xff, 0xff, 0xff, 0xff,
  0xfc, 0xf0, 0x06, 0x3f, 0xff, 0xff, 0xff, 0xff, 0x7f, 0x1f, 0x03, 0x19, 0xff, 0xff, 0xff, 0xff,
  0xff, 0xff, 0xfc, 0xe0, 0xf8, 0xff, 0xff, 0xfe, 0xe0, 0xfc, 0xc3, 0x19, 0xe6, 0xf0, 0xc0, 0xcb,
  0x1e, 0x9d, 0x73, 0xc5, 0x1b, 0xa9, 0x37, 0x72, 0xd3, 0x59, 0x99, 0x2d, 0x2c, 0xf8, 0x1f, 0x01,
  0x98, 0x66, 0x30, 0x8f, 0x63, 0xff, 0xff, 0xf8, 0x1f, 0xe3, 0x1c, 0x03, 0xf0, 0xff, 0xff, 0xff,
  0xff, 0xe3, 0x81, 0x56, 0xff, 0xff, 0xff, 0xff, 0x97, 0x03, 0x6e, 0x93, 0xff, 0xff, 0xf0, 0xe0,
  0xe0, 0xc0, 0x7f, 0xff, 0xff, 0xff, 0xff, 0x7f, 0x27, 0x01, 0x0c, 0x04, 0xff, 0xff, 0xf3, 0xf1,
  0xe1, 0xc0, 0x80, 0xe2, 0xff, 0xff, 0xff, 0xff, 0xff, 0xff, 0xff, 0xff, 0x01, 0xff, 0x01, 0x01,
  0x01, 0x01, 0x01, 0x01, 0x01, 0x59, 0x59, 0x59, 0x59, 0x59, 0x59, 0x59, 0x55, 0x23, 0x23, 0x23,
  0x23, 0x23, 0x23, 0xa3, 0xa3, 0xff, 0x80, 0x80, 0x80, 0x80, 0x80, 0x80, 0x80, 0x01, 0x01, 0x01,
  0x01, 0x01, 0x01, 0x01, 0x03, 0x55, 0xd5, 0xd5, 0xd5, 0xab, 0xeb, 0xb7, 0x35, 0xbb, 0xbb, 0xbb,
  0xbb, 0x5d, 0x5d, 0x4d, 0x4d, 0x80, 0x80, 0xc0, 0xc0, 0xc0, 0xc0, 0xc0, 0xc0, 0xff, 0xff, 0xff,
  0xff, 0xff, 0x06, 0x1f, 0x98, 0x0f, 0x1f, 0x1f, 0x3f, 0x3f, 0xf7, 0xe3, 0xc1, 0x80, 0xe0, 0xf0,
  0xfe, 0xbf, 0xb3, 0x9c, 0xdf, 0xff, 0xff, 0xff, 0xff, 0xff, 0xe0, 0xfc, 0x37, 0xff, 0xff, 0xff,
  0xff, 0xff, 0x07, 0x1f, 0x98, 0x07, 0x07, 0x07, 0x0f, 0x1f, 0x3f, 0xfc, 0xf0, 0xbf, 0xdf, 0x9f,
  0x37, 0xb7, 0xff, 0xff, 0xf8, 0x7e, 0xfc, 0xfe, 0x56, 0x57, 0xff, 0xff, 0xff, 0xc0, 0xf0, 0xf8,
  0xfe, 0x37, 0xf7, 0xfd, 0xfe, 0x01, 0x01, 0x01, 0x01, 0x01, 0x01, 0x01, 0x03, 0x55, 0x55, 0x55,
  0x55, 0x6b, 0xeb, 0xf7, 0xb5, 0xb3, 0xb3, 0xb3, 0xbb, 0x5d, 0x5d, 0x4d, 0x4d, 0x87, 0x8f, 0x8f,
  0x9f, 0xdf, 0x01, 0x83, 0x9f, 0xfe, 0xfe, 0x76, 0x76, 0xfa, 0xda, 0xdb, 0xcb, 0x92, 0x12, 0x13,
  0x13, 0x13, 0x33, 0x7b, 0x6b, 0x37, 0x37, 0x33, 0x33, 0x33, 0x33, 0x36, 0x74, 0x01, 0x01, 0x81,
  0x81, 0x83, 0x83, 0x87, 0x87, 0xc0, 0xe0, 0xf0, 0xfc, 0xf7, 0x67, 0x6f, 0x6f, 0x33, 0x73, 0x77,
  0x77, 0xbb, 0xbb, 0x9b, 0x9b, 0xff, 0xff, 0xff, 0xff, 0x80, 0x80, 0x80, 0xc0, 0xff, 0xff, 0xff,
  0xff, 0xff, 0xe0, 0xfc, 0xd8, 0xff, 0xff, 0xff, 0xff, 0xff, 0x0e, 0x3f, 0xf8, 0x07, 0x07, 0x07,
  0x0f, 0x1f, 0x3f, 0x03, 0xff, 0xff, 0xff, 0xff, 0xb7, 0xb7, 0xff, 0xff, 0xf8, 0x7e, 0xfc, 0xfe,
  0x56, 0x57, 0xff, 0xff, 0xfe, 0x3f, 0xf7, 0xff, 0xae, 0xa6, 0xff, 0xff, 0xfb, 0xed, 0xf9, 0xfc,
  0xac, 0xae, 0xff, 0xff, 0xff, 0x3f, 0xbd, 0xbf, 0xab, 0x56, 0xd6, 0x7f, 0x6f, 0xf6, 0xbf, 0xf7,
  0xf7, 0xbb, 0xa9, 0xfd, 0xff, 0x8f, 0x9f, 0x9f, 0xff, 0xff, 0x80, 0x87, 0xdf, 0x7b, 0x3a, 0xbf,
  0xae, 0xae, 0xff, 0xff, 0xfb, 0xfd, 0xf9, 0xfc, 0xac, 0xae, 0xff, 0xff, 0xff, 0xc0, 0xe0, 0xf0,
  0xfe, 0xef, 0x6f, 0x7b, 0x3b, 0xff, 0xff, 0xff, 0xff, 0xff, 0xe0, 0xfc, 0x1f, 0x01, 0x01, 0x01,
  0x01, 0x03, 0x03, 0x07, 0x07, 0x53, 0x53, 0x53, 0x52, 0x52, 0xda, 0xff, 0xbb, 0xff, 0xff, 0x80,
  0xc0, 0xc0, 0xe0, 0xf8, 0xfc, 0xff, 0xff, 0xff, 0xff, 0x01, 0x01, 0x01, 0x01, 0xff, 0xff, 0xff,
  0xcb, 0xcb, 0xc9, 0xc9, 0xfd, 0x07, 0x0f, 0x0f, 0x1f, 0x1f, 0x9f, 0x2b, 0x2f, 0x29, 0x29, 0x29,
  0x29, 0x7b, 0x7b, 0xff, 0xfd, 0x3e, 0x7f, 0xb7, 0xbd, 0x95, 0x97, 0x9e, 0xb6, 0x0f, 0x1f, 0x1f,
  0x3f, 0x10, 0xb0, 0xfb, 0xff, 0x7b, 0xff, 0xbf, 0x2e, 0xee, 0xff, 0xff, 0xff, 0x3d, 0xf9, 0xfc,
  0xac, 0xae, 0xff, 0xff, 0xff, 0x01, 0xc1, 0xf3, 0xf8, 0xfc, 0xfe, 0x6f, 0x6f, 0xf7, 0xd7, 0xdf,
  0x7e, 0x6e, 0xff, 0xff, 0xfb, 0x7f, 0xff, 0xff, 0xaf, 0xaf, 0xff, 0xff, 0xff, 0xfd, 0x6d, 0x6e,
  0x7f, 0x3b, 0x3b, 0xff, 0xff, 0xb6, 0xff, 0xf7, 0xf6, 0xba, 0xba, 0xfb, 0xfb, 0xff, 0xff, 0xff,
  0xff, 0xff, 0x01, 0x01, 0x01, 0xff, 0xff, 0xff, 0x80, 0x80, 0x80, 0xc0, 0xc0, 0x01, 0x01, 0x01,
  0x03, 0x03, 0x0f, 0x3f, 0xf6, 0x6b, 0x6f, 0xab, 0xab, 0x56, 0xd6, 0x6e, 0x6a, 0xf6, 0xfe, 0x7f,
  0x76, 0xba, 0xba, 0x9b, 0x9b, 0xc0, 0xe0, 0xf0, 0xfe, 0xef, 0x43, 0x40, 0x60, 0xff, 0xff, 0x80,
  0xc0, 0xe0, 0xe0, 0xfc, 0x3b, 0xff, 0xff, 0xff, 0xff, 0xff, 0xff, 0xff, 0xff, 0xff, 0xff, 0xff,
  0xff, 0xff, 0xff, 0xff, 0x42, 0x18, 0x18, 0xff, 0x18, 0x18, 0x18, 0x18, 0x18, 0x54, 0x3a, 0x54,
  0x3a, 0x5e, 0x28, 0x56, 0x2a, 0xff, 0xff, 0xff, 0xff, 0x42, 0xff, 0x32, 0x6c, 0xff, 0xff, 0xff,
  0xff, 0xff, 0xff, 0xaa, 0xff, 0x54, 0x2a, 0x5c, 0x2c, 0x56, 0x30, 0xaa, 0x6c, 0x54, 0x2a, 0x5c,
  0x2c, 0x56, 0x30, 0xaa, 0x64, 0xaa, 0xfe, 0x38, 0x28, 0x7c, 0x54, 0xfe, 0xaa, 0x54, 0x3a, 0x54,
  0x3a, 0x5e, 0x28, 0x56, 0x2a, 0x10, 0x10, 0x10, 0x10, 0x38, 0x28, 0x38, 0x28, 0x54, 0x2a, 0x5c,
  0x2c, 0x56, 0x30, 0x6e, 0x6c, 0x38, 0x28, 0x38, 0x28, 0x38, 0x28, 0x38, 0x28, 0xff, 0xff, 0xff,
  0xaa, 0x67, 0x9b, 0x55, 0x60, 0x3c, 0x7e, 0xff, 0xaa, 0xe6, 0x87, 0x55, 0x18, 0xff, 0xff, 0xff,
  0xaa, 0x7b, 0xba, 0x55, 0x06, 0xff, 0xff, 0xff, 0xff, 0xff, 0xdb, 0xaa, 0xdb, 0x54, 0x3a, 0x54,
  0x3a, 0x5e, 0x28, 0xaa, 0x2a, 0xff, 0xff, 0xff, 0xff, 0xfc, 0x4f, 0xa5, 0xd7, 0xff, 0xff, 0xff,
  0x0e, 0x1f, 0x1f, 0x0e, 0x0e, 0xff, 0xff, 0xff, 0xff, 0xff, 0xff, 0x03, 0xfc, 0xff, 0xff, 0xff,
  0xff, 0xff, 0x1f, 0xe2, 0x1c, 0xff, 0xff, 0xff, 0xff, 0xff, 0xc0, 0xf8, 0x0f, 0xff, 0xff, 0xff,
  0xff, 0xff, 0xff, 0x0f, 0xf8, 0xff, 0xff, 0xff, 0xff, 0xff, 0xe0, 0x07, 0x78, 0xe0, 0xe0, 0x80,
  0x80, 0x80, 0x80, 0xff, 0x3f, 0xff, 0xff, 0x81, 0x81, 0xff, 0xff, 0xff, 0xd2, 0xe0, 0xe0, 0x80,
  0x80, 0x80, 0x80, 0xff, 0x3f, 0xff, 0xff, 0xff, 0xff, 0xff, 0xc0, 0x7f, 0x07, 0x1b, 0x61, 0x06,
  0x6c, 0xb3, 0x9c, 0xff, 0x9d, 0xf8, 0xff, 0xfc, 0xfd, 0xfd, 0xfc, 0xfc, 0xff, 0x7f, 0x3f, 0x0f,
  0x01, 0xfc, 0xee, 0xcd, 0xf7, 0xff, 0xff, 0xff, 0xff, 0x07, 0x9b, 0xee, 0xf3, 0xff, 0xff, 0xff,
  0xff, 0x3f, 0x1f, 0xe1, 0xff, 0xff, 0xff, 0xff, 0xff, 0xbf, 0x2f, 0x11, 0xf4, 0x00, 0x00, 0x00,
  0x10, 0x00, 0x00, 0x00, 0x00, 0x30, 0x60, 0xc0, 0xc0, 0xc0, 0xc0, 0x60, 0x30, 0x30, 0x70, 0xc0,
  0xc0, 0xe0, 0xc0, 0x60, 0x30, 0x30, 0x70, 0xd0, 0xd0, 0xf0, 0xd0, 0x60, 0x30, 0x30, 0x78, 0xd8,
  0xd8, 0xf8, 0xd8, 0x60, 0x30, 0x30, 0x78, 0xd8, 0xd8, 0xfc, 0xd8, 0x60, 0x30, 0x38, 0x7c, 0xda,
  0xda, 0xfe, 0xda, 0x64, 0x38, 0x3c, 0x7e, 0xdb, 0xdb, 0xff, 0xdb, 0x66, 0x3c, 0x55, 0x55, 0x55,
  0x55, 0x55, 0x55, 0x55, 0x55, 0x55, 0x55, 0x55, 0x55, 0x55, 0x55, 0x55, 0x53, 0x55, 0x55, 0x55,
  0x55, 0x55, 0x53, 0x53, 0xc3, 0x55, 0x55, 0x53, 0x53, 0xc3, 0xc3, 0xc3, 0xc3, 0x53, 0x53, 0xc3,
  0xc3, 0xc3, 0xc3, 0xc3, 0xc3, 0xc3, 0xc3, 0xc3, 0xc3, 0xc3, 0xc3, 0xc3, 0xc3, 0x53, 0x53, 0xc3,
  0xc3, 0xc3, 0xc3, 0xc3, 0xc3, 0x55, 0x55, 0x53, 0x53, 0xc3, 0xc3, 0xc3, 0xc3, 0x55, 0x55, 0x55,
  0x55, 0x53, 0xc3, 0xc3, 0xc3, 0x55, 0x55, 0x55, 0x55, 0xc5, 0xc3, 0xc3, 0xc3, 0x55, 0x55, 0x55,
  0x55, 0x55, 0xc5, 0xc5, 0xc3, 0x55, 0x55, 0x55, 0xf5, 0xf5, 0x75, 0xe5, 0xf5, 0xf5, 0xf5, 0xf5,
  0xf5, 0xf5, 0xf5, 0xff, 0xf7, 0xff, 0x77, 0x75, 0xf7, 0xf7, 0xf7, 0xf7, 0xf7, 0xff, 0x77, 0x75,
  0xf7, 0xf7, 0xf7, 0xf7, 0xf7, 0x55, 0x55, 0x55, 0x55, 0x55, 0xc5, 0xc5, 0xc3, 0x55, 0x55, 0x55,
  0x55, 0x55, 0x55, 0x55, 0x32, 0x55, 0x55, 0x55, 0x55, 0x55, 0x55, 0x55, 0x44, 0x55, 0x55, 0x55,
  0x53, 0x53, 0x63, 0x63, 0x44, 0x55, 0x55, 0x55, 0x52, 0x52, 0x52, 0x62, 0x44, 0x55, 0x55, 0x55,
  0x55, 0x55, 0x53, 0x53, 0x32, 0x55, 0x55, 0x53, 0x53, 0x32, 0x32, 0x32, 0x32, 0x53, 0x53, 0x32,
  0x32, 0x32, 0x32, 0x32, 0x32, 0x32, 0x32, 0x32, 0x32, 0x32, 0x32, 0x32, 0x32, 0xc5, 0xc3, 0xc3,
  0xc3, 0xc3, 0xc3, 0xc3, 0xc3, 0x55, 0x55, 0xc5, 0xc3, 0xc3, 0xc3, 0xc3, 0xc3, 0x55, 0x55, 0x55,
  0x55, 0x53, 0x53, 0xc3, 0x44, 0x55, 0x55, 0x55, 0x53, 0x53, 0xc3, 0xc6, 0x44, 0x55, 0x53, 0x53,
  0x53, 0x53, 0x65, 0x66, 0x44, 0x55, 0x55, 0x53, 0x53, 0x53, 0x63, 0x86, 0x44, 0x55, 0x53, 0x53,
  0x53, 0x53, 0x53, 0x62, 0x44, 0x55, 0x55, 0x55, 0x55, 0x55, 0x55, 0x55, 0x53, 0x55, 0xa5, 0xa5,
  0xa5, 0xa5, 0xa5, 0xa5, 0xa5, 0xa6, 0xa6, 0xa6, 0xa6, 0xa6, 0xa6, 0xa6, 0xa6, 0xa6, 0xa6, 0xa6,
  0xa6, 0xa6, 0xa6, 0xa6, 0xa6, 0x55, 0x65, 0x65, 0x65, 0x65, 0x65, 0x65, 0x65, 0xa5, 0xa5, 0xa5,
  0xa5, 0xa5, 0xa5, 0xa5, 0xa5, 0xa6, 0xa6, 0xa6, 0xa6, 0xa6, 0xa6, 0xa6, 0xa6, 0xa6, 0xa6, 0xa6,
  0xa6, 0xa6, 0xa6, 0xa6, 0xa6, 0x65, 0x65, 0x65, 0x65, 0x65, 0x65, 0x65, 0x65, 0x55, 0x55, 0x55,
  0x55, 0x55, 0xa5, 0xa5, 0xa6, 0xa5, 0xa5, 0xa5, 0xa5, 0xa5, 0xa6, 0xa6, 0xa6, 0xa5, 0xa5, 0xa5,
  0xa5, 0xa6, 0xa6, 0xa6, 0xa6, 0x55, 0x55, 0x55, 0x55, 0x55, 0xa5, 0xa5, 0xa6, 0x55, 0x55, 0x55,
  0x55, 0x55, 0xa5, 0xa5, 0xa6, 0xa5, 0xa5, 0xa5, 0xa5, 0xa5, 0xa5, 0xa6, 0xa6, 0xa6, 0xa6, 0xa6,
  0xa6, 0xa6, 0xaa, 0xaa, 0xa6, 0xa6, 0xa6, 0xa6, 0xa6, 0xa6, 0xaa, 0xaa, 0xaa, 0xa5, 0xa5, 0xa5,
  0xa5, 0xa6, 0xa6, 0xa6, 0xa6, 0x65, 0x65, 0x65, 0x65, 0x65, 0x65, 0x65, 0x65, 0xa6, 0xa6, 0xa6,
  0xa6, 0xa6, 0xa6, 0xa6, 0xa6, 0xa6, 0xa6, 0xa6, 0xa6, 0xa6, 0xa6, 0xa6, 0xa6, 0x65, 0x65, 0x65,
  0x65, 0x65, 0xa6, 0xa6, 0xa6, 0xa5, 0xa5, 0xa6, 0xa6, 0xa6, 0xa6, 0xa6, 0xa6, 0xa6, 0xa6, 0xa6,
  0xa6, 0xa6, 0xa6, 0xa6, 0xa6, 0xa6, 0xa6, 0xa6, 0xa6, 0xa6, 0xa6, 0xa6, 0xa6, 0x65, 0x65, 0x65,
  0x65, 0x65, 0x65, 0x65, 0x65, 0xa5, 0xa5, 0xa5, 0xa5, 0xa6, 0xa6, 0xa6, 0xa6, 0xa6, 0xa6, 0xa6,
  0xa6, 0xa6, 0xa6, 0xa6, 0xa6, 0x55, 0x55, 0x55, 0x55, 0xa5, 0xa5, 0xa5, 0xa5, 0x55, 0x55, 0x55,
  0x55, 0x55, 0xa5, 0xa5, 0xa6, 0x55, 0x55, 0x55, 0x55, 0x55, 0xa5, 0xa5, 0xa6, 0x65, 0x65, 0x65,
  0x65, 0x65, 0x65, 0xa6, 0xaa, 0xaa, 0xaa, 0xaa, 0xa6, 0xa6, 0xaa, 0xaa, 0xa6, 0xa6, 0xa6, 0xa6,
  0xa6, 0xa6, 0xaa, 0xaa, 0xa6, 0xa6, 0xa6, 0xaa, 0xa6, 0xa6, 0xaa, 0xaa, 0xa6, 0xa6, 0xa6, 0xa6,
  0xa6, 0xa6, 0xaa, 0xaa, 0xaa, 0xa6, 0xa6, 0xa6, 0xa6, 0xa6, 0xa6, 0xa6, 0xa6, 0xa6, 0xa6, 0xa6,
  0xa6, 0xa6, 0xa6, 0xa6, 0xaa, 0x65, 0x65, 0x65, 0x66, 0x66, 0xa6, 0xa6, 0xa6, 0xa6, 0xa6, 0xa6,
  0xa6, 0xa6, 0xaa, 0xaa, 0xa6, 0xa6, 0xa6, 0xa6, 0xa6, 0xa6, 0xaa, 0xaa, 0xaa, 0xa5, 0xa5, 0xa5,
  0xa5, 0xa6, 0xa6, 0xa6, 0xa6, 0x55, 0x55, 0x55, 0x55, 0x55, 0xa5, 0xa5, 0xa6, 0x65, 0x65, 0x65,
  0x65, 0x65, 0x65, 0x65, 0x65, 0xa6, 0xa6, 0xa6, 0xa6, 0xa6, 0xa6, 0xaa, 0xa6, 0x55, 0x55, 0xa5,
  0xa5, 0xa5, 0xa5, 0xa5, 0xa5, 0x55, 0x55, 0x55, 0x55, 0xa5, 0xa5, 0xa5, 0xa5, 0x55, 0x55, 0x55,
  0xa6, 0xa6, 0xa6, 0xa6, 0xa6, 0xa5, 0xa5, 0xa5, 0xa5, 0xa5, 0xa5, 0xa6, 0xa6, 0xa6, 0xa6, 0xa6,
  0xa6, 0xa6, 0xa6, 0xaa, 0xa6, 0xa5, 0xa5, 0xa6, 0xa6, 0xa6, 0xa6, 0xa6, 0xa6, 0x65, 0x65, 0x65,
  0x65, 0xa6, 0xa6, 0xa6, 0xaa, 0xa6, 0xaa, 0xa6, 0xa6, 0xa6, 0xaa, 0xaa, 0xaa, 0xa6, 0xa6, 0xa6,
  0xa6, 0xa6, 0xaa, 0xaa, 0xaa, 0xa5, 0xa5, 0xa5, 0xa6, 0xa6, 0xa6, 0xa6, 0xa6, 0xa6, 0xa6, 0xa6,
  0xa6, 0xa6, 0xaa, 0xaa, 0xa6, 0xa6, 0xaa, 0xaa, 0xa6, 0xa6, 0xaa, 0xaa, 0xaa, 0xa6, 0xa6, 0xa6,
  0xa6, 0xa6, 0xa6, 0xaa, 0xaa, 0xa6, 0xaa, 0xa6, 0xa6, 0xa6, 0xa6, 0xa6, 0xa6, 0x55, 0x55, 0x55,
  0x55, 0x55, 0xa5, 0xa5, 0xa5, 0x55, 0x55, 0x55, 0xa5, 0xa5, 0xa5, 0xa5, 0xa5, 0xa5, 0xa5, 0xa5,
  0xa5, 0xa5, 0xa5, 0xa5, 0xa6, 0xa6, 0xa6, 0xa6, 0xa6, 0xa6, 0xa6, 0xa6, 0xa6, 0xa6, 0xa6, 0xa6,
  0xa6, 0xa6, 0xa6, 0xa6, 0xa6, 0xa5, 0xa5, 0xa5, 0xa5, 0xa6, 0xa6, 0xa6, 0xa6, 0x55, 0x55, 0xa5,
  0xa5, 0xa5, 0xa5, 0xa5, 0xa6, 0x11, 0x11, 0x11, 0x11, 0x11, 0x11, 0x11, 0x11, 0x11, 0x11, 0x11,
  0x11, 0x11, 0x11, 0x11, 0x91, 0x91, 0x91, 0x11, 0x91, 0x91, 0xe1, 0xe1, 0xe1, 0xa4, 0xa4, 0xa4,
  0xa4, 0xa4, 0xa4, 0xa4, 0xa4, 0x11, 0x11, 0x11, 0x11, 0x91, 0x44, 0xb4, 0xb4, 0x11, 0x11, 0x11,
  0x11, 0x11, 0x11, 0xf1, 0x11, 0xa4, 0xa4, 0xa4, 0xa4, 0xa4, 0xa4, 0xf4, 0xa4, 0xa4, 0xa4, 0xa4,
  0xa4, 0xa4, 0xa4, 0xf4, 0xa4, 0xeb, 0xe1, 0xe1, 0xe1, 0xe1, 0xe1, 0xe1, 0xe1, 0xb5, 0xb5, 0xa5,
  0xb5, 0xb5, 0xa5, 0xa5, 0xb5, 0x91, 0xf1, 0xf1, 0xe1, 0xe1, 0xe1, 0xe1, 0xe1, 0xa5, 0xa5, 0xb5,
  0xb5, 0xa5, 0xb5, 0xb5, 0xb5, 0xe1, 0xe1, 0xe1, 0xe1, 0xe1, 0xe1, 0xe1, 0xe1, 0x11, 0x11, 0x11,
  0xb8, 0xe8, 0xf9, 0xb8, 0xe1, 0x51, 0x51, 0x55, 0xb8, 0xf9, 0xf9, 0xb8, 0xe1, 0x11, 0x11, 0x11,
  0xb8, 0xe9, 0xf9, 0xb8, 0xe1, 0x11, 0x11, 0x11, 0x11, 0x11, 0xe1, 0xfb, 0xe1, 0xa5, 0xb5, 0xa5,
  0xa5, 0xb5, 0xa5, 0xf5, 0xb5, 0x55, 0x55, 0x55, 0x55, 0xc5, 0xc3, 0xc3, 0xc3, 0x55, 0x55, 0x55,
  0x75, 0xf5, 0x75, 0xe5, 0x75, 0x55, 0x55, 0x55, 0x55, 0x55, 0x55, 0xc5, 0xc3, 0x55, 0x55, 0x55,
  0x55, 0x55, 0xc5, 0xc3, 0xc3, 0x55, 0x55, 0x55, 0x55, 0x55, 0xc5, 0xc5, 0xc3, 0x55, 0x55, 0x55,
  0x55, 0x55, 0x55, 0xc5, 0xc3, 0x55, 0x55, 0x55, 0x55, 0x55, 0x53, 0xc3, 0xc3, 0xf5, 0xf5, 0xf5,
  0xf5, 0xf5, 0xf3, 0xff, 0xe1, 0xff, 0xee, 0xe5, 0xe7, 0xee, 0xee, 0xee, 0xec, 0xf3, 0xf2, 0xf3,
  0xf2, 0xf2, 0xfc, 0xff, 0xe1, 0x55, 0x55, 0x55, 0x55, 0x55, 0xc5, 0xc3, 0xc3, 0xc3, 0xc3, 0xc3,
  0xc3, 0xc3, 0xc3, 0xcc, 0xc1, 0xc5, 0xcc, 0xc2, 0x32, 0xc2, 0x32, 0xc3, 0xcc, 0x53, 0x53, 0x52,
  0x52, 0xc2, 0xc2, 0xc3, 0xc3, 0x55, 0x55, 0x55, 0x55, 0x52, 0x32, 0x32, 0xc3, 0x55, 0x55, 0x55,
  0x55, 0x53, 0x52, 0xc2, 0xcc, 0x55, 0x55, 0x55, 0x55, 0x52, 0x52, 0x52, 0xc2, 0xb1, 0xb1, 0xb1,
  0xb1, 0xb1, 0xb1, 0xb1, 0xb1, 0xb1, 0xb1, 0xb1, 0xb1, 0xb1, 0xb1, 0xb1, 0xb1, 0xb1, 0xb1, 0xb1,
  0xb1, 0xb1, 0xb1, 0xb1, 0xb1, 0xb1, 0xb1, 0xb1, 0xb1, 0xb1, 0xb1, 0xb1, 0xb1, 0xb1, 0xb1, 0xb1,
  0xb1, 0xb1, 0xb1, 0xb1, 0xb1, 0xb1, 0xb1, 0xb1, 0xb1, 0xb1, 0xb1, 0xb1, 0xb1, 0xb1, 0xb1, 0xb1,
  0xb1, 0xb1, 0xb1, 0xb1, 0xb1, 0xb1, 0xb1, 0xb1, 0xb1, 0xb1, 0xb1, 0xb1, 0xb1, 0x00, 0x00, 0x00,
  0x00, 0x00, 0x00, 0x01, 0x00, 0x00, 0x00, 0x00, 0x01, 0x01, 0x00, 0x00, 0x00, 0x00, 0x00, 0x00,
  0x00, 0x00, 0x00, 0x00, 0x00, 0x00, 0x00, 0x00, 0x00, 0x00, 0x00, 0x00, 0x00, 0x00, 0x00, 0x00,
  0x00, 0x00, 0x00, 0x00, 0x00, 0x00, 0x00, 0x00, 0x00, 0x00, 0x00, 0x00, 0x00, 0x00, 0x00, 0x00,
  0x00, 0x00, 0x00, 0x00, 0x00, 0x00, 0x00, 0x00, 0x00, 0x00, 0x00, 0x00, 0x00, 0x00, 0x00, 0x00,
  0x02, 0x03, 0x04, 0x05, 0x06, 0x07, 0x03, 0x04, 0x05, 0x05, 0x06, 0x07, 0x08, 0x09, 0x0a, 0x00,
  0x00, 0x00, 0x00, 0x00, 0x00, 0x00, 0x00, 0x00, 0x00, 0x00, 0x00, 0x00, 0x00, 0x00, 0x00, 0x00,
  0x00, 0x00, 0x00, 0x0b, 0x00, 0x00, 0x00, 0x00, 0x00, 0x00, 0x00, 0x00, 0x00, 0x00, 0x00, 0x00,
  0x00, 0x00, 0x00, 0x00, 0x01, 0x02, 0x03, 0x04, 0x07, 0x0f, 0x00, 0x00, 0x00, 0x02, 0x03, 0x04,
  0x05, 0x05, 0x05, 0x05, 0x05, 0x05, 0x05, 0x05, 0x05, 0x05, 0x05, 0x05, 0x05, 0x05, 0x05, 0x06,
  0x07, 0x09, 0x03, 0x04, 0x05, 0x06, 0x07, 0x08, 0x0a, 0x00, 0x00, 0x00, 0x00, 0x0c, 0x0c, 0x0c,
  0x0c, 0x0d, 0x0e, 0x0e, 0x0e, 0x0e, 0x0e, 0x0e, 0x0e, 0x0d, 0x0c, 0x0c, 0x0c, 0x0c, 0x0c, 0x0c,
  0x0c, 0x0c, 0x03, 0x04, 0x05, 0x05, 0x05, 0x05, 0x05, 0x05, 0x06, 0x0a, 0x00, 0x00, 0x00, 0x00,
  0x00, 0x00, 0x00, 0x00, 0x00, 0x00, 0x00, 0x00, 0x00, 0x00, 0x00, 0x00, 0x00, 0x00, 0x00, 0x00,
  0x00, 0x00, 0x00, 0x00, 0x00, 0x00, 0x00, 0x00, 0x00, 0x00, 0x00, 0x00, 0x00, 0x00, 0x00, 0x00,
  0x00, 0x00, 0x00, 0x00, 0x00, 0x00, 0x01, 0x01, 0x00, 0x00, 0x00, 0x00, 0x01, 0x00, 0x00, 0x00,
  0x00, 0x00, 0x00, 0x00, 0x00, 0x00, 0x00, 0x00, 0x00, 0x00, 0x00, 0x00, 0x00, 0x00, 0x00, 0x00,
  0x00, 0x00, 0x00, 0x00, 0x00, 0x00, 0x00, 0x00, 0x10, 0x00, 0x00, 0x00, 0x00, 0x00, 0x00, 0x00,
  0x00, 0x00, 0x00, 0x00, 0x00, 0x00, 0x00, 0x00, 0x00, 0x00, 0x00, 0x00, 0x00, 0x00, 0x00, 0x00,
  0x00, 0x00, 0x01, 0x02, 0x03, 0x04, 0x05, 0x05, 0x06, 0x07, 0x03, 0x04, 0x05, 0x06, 0x07, 0x08,
  0x09, 0x0f, 0x00, 0x00, 0x00, 0x00, 0x00, 0x1f, 0x00, 0x00, 0x00, 0x00, 0x00, 0x11, 0x11, 0x11,
  0x12, 0x13, 0x11, 0x11, 0x11, 0x14, 0x15, 0x16, 0x17, 0x18, 0x19, 0x09, 0x0a, 0x11, 0x11, 0x1a,
  0x11, 0x11, 0x11, 0x1b, 0x11, 0x11, 0x1c, 0x1d, 0x11, 0x11, 0x1e, 0x11, 0x11, 0x11, 0x11, 0x02,
  0x03, 0x04, 0x05, 0x05, 0x05, 0x05, 0x05, 0x05, 0x05, 0x05, 0x05, 0x05, 0x05, 0x05, 0x05, 0x05,
  0x05, 0x05, 0x06, 0x07, 0x09, 0x03, 0x04, 0x05, 0x06, 0x07, 0x08, 0x0a, 0x11, 0x00, 0x00, 0x00,
  0x00, 0x00, 0x00, 0x00, 0x00, 0x00, 0x00, 0x00, 0x00, 0x20, 0x21, 0x22, 0x23, 0x00, 0x00, 0x00,
  0x00, 0x00, 0x00, 0x00, 0x00, 0x00, 0x00, 0x00, 0x00, 0x00, 0x00, 0x00, 0x00, 0x00, 0x00, 0x00,
  0x00, 0x00, 0x00, 0x00, 0x00, 0x00, 0x00, 0x00, 0x00, 0x00, 0x00, 0x00, 0x00, 0x00, 0x00, 0x00,
  0x00, 0x00, 0x20, 0x21, 0x22, 0x23, 0x00, 0x00, 0x00, 0x00, 0x00, 0x00, 0x00, 0x00, 0x00, 0x00,
  0x00, 0x00, 0x00, 0x00, 0x00, 0x00, 0x00, 0x00, 0x00, 0x24, 0x25, 0x26, 0x27, 0x00, 0x00, 0x31,
  0x32, 0x33, 0x34, 0x35, 0x36, 0x37, 0x38, 0x39, 0x3a, 0x3b, 0x00, 0x00, 0x00, 0x00, 0x00, 0x00,
  0x20, 0x21, 0x22, 0x23, 0x4a, 0x4b, 0x4c, 0x4d, 0x4e, 0x4f, 0x50, 0x51, 0x23, 0x00, 0x00, 0x00,
  0x00, 0x00, 0x24, 0x25, 0x26, 0x27, 0x00, 0x00, 0x5a, 0x36, 0x37, 0x5b, 0x00, 0x00, 0x00, 0x28,
  0x29, 0x2a, 0x2b, 0x00, 0x00, 0x00, 0x00, 0x00, 0x2c, 0x2d, 0x2e, 0x2f, 0x30, 0x3c, 0x3d, 0x3e,
  0x3f, 0x40, 0x41, 0x42, 0x43, 0x44, 0x45, 0x46, 0x47, 0x48, 0x49, 0x00, 0x00, 0x00, 0x00, 0x2c,
  0x2d, 0x2e, 0x2f, 0x30, 0x52, 0x53, 0x54, 0x55, 0x56, 0x57, 0x58, 0x59, 0x30, 0x3c, 0x3d, 0x00,
  0x00, 0x2c, 0x2d, 0x2e, 0x2f, 0x30, 0x49, 0x00, 0x5c, 0x5d, 0x5e, 0x5f, 0x60, 0x61, 0x61, 0x61,
  0x62, 0x62, 0x63, 0x63, 0x63, 0x61, 0x61, 0x61, 0x61, 0x61, 0x61, 0x61, 0x61, 0x61, 0x62, 0x61,
  0x6a, 0x61, 0x6b, 0x61, 0x61, 0x61, 0x63, 0x61, 0x65, 0x62, 0x62, 0x62, 0x61, 0x61, 0x61, 0x64,
  0x64, 0x6e, 0x65, 0x6a, 0x6a, 0x61, 0x61, 0x6d, 0x6b, 0x61, 0x61, 0x62, 0x6a, 0x61, 0x62, 0x61,
  0x61, 0x61, 0x62, 0x62, 0x62, 0x61, 0x6b, 0x62, 0x65, 0x62, 0x61, 0x61, 0x61, 0x61, 0x61, 0x61,
  0x64, 0x64, 0x64, 0x64, 0x64, 0x61, 0x61, 0x63, 0x62, 0x62, 0x62, 0x65, 0x62, 0x61, 0x64, 0x61,
  0x6c, 0x65, 0x6d, 0x6e, 0x6f, 0x70, 0x6c, 0x6c, 0x64, 0x64, 0x64, 0x64, 0x61, 0x61, 0x61, 0x6c,
  0x6c, 0x6c, 0x6c, 0x6c, 0x6c, 0x6e, 0x65, 0x6c, 0x64, 0x61, 0x61, 0x64, 0x6c, 0x65, 0x64, 0x6e,
  0x6f, 0x70, 0x6c, 0x6c, 0x6c, 0x6e, 0x69, 0x64, 0x64, 0x64, 0x65, 0x61, 0x61, 0x66, 0x66, 0x66,
  0x67, 0x68, 0x67, 0x67, 0x67, 0x69, 0x67, 0x67, 0x67, 0x67, 0x67, 0x67, 0x67, 0x71, 0x67, 0x72,
  0x72, 0x72, 0x69, 0x72, 0x72, 0x72, 0x72, 0x72, 0x67, 0x72, 0x72, 0x72, 0x66, 0x61, 0x61, 0x72,
  0x72, 0x72, 0x72, 0x72, 0x72, 0x72, 0x72, 0x72, 0x72, 0x72, 0x71, 0x72, 0x72, 0x67, 0x67, 0x72,
  0x72, 0x72, 0x72, 0x72, 0x72, 0x67, 0x67, 0x72, 0x72, 0x72, 0x67, 0x66, 0x66, 0x00, 0x00, 0x00,
  0x00, 0x00, 0x00, 0x00, 0x00, 0x00, 0x01, 0x01, 0x00, 0x00, 0x00, 0x00, 0x01, 0x00, 0x00, 0x00,
  0x00, 0x00, 0x00, 0x00, 0x00, 0x00, 0x00, 0x00, 0x00, 0x00, 0x00, 0x00, 0x00, 0x00, 0x00, 0x00,
  0x00, 0x00, 0x00, 0x00, 0x00, 0x00, 0x00, 0x00, 0x00, 0x00, 0x00, 0x00, 0x00, 0x00, 0x00, 0x00,
  0x00, 0x00, 0x00, 0x00, 0x00, 0x00, 0x00, 0x00, 0x00, 0x00, 0x00, 0x00, 0x00, 0x00, 0x00, 0x00,
  0x00, 0x00, 0x01, 0x02, 0x03, 0x04, 0x05, 0x05, 0x06, 0x07, 0x03, 0x04, 0x05, 0x06, 0x07, 0x73,
  0x09, 0x0a, 0x00, 0x00, 0x00, 0x00, 0x00, 0x01, 0x00, 0x00, 0x00, 0x00, 0x00, 0x00, 0x00, 0x00,
  0x00, 0x00, 0x00, 0x74, 0x00, 0x00, 0x00, 0x00, 0x75, 0x76, 0x77, 0x78, 0x79, 0x7d, 0x02, 0x03,
  0x04, 0x05, 0x05, 0x06, 0x07, 0x08, 0x09, 0x0a, 0x00, 0x00, 0x00, 0x00, 0x00, 0x00, 0x00, 0x02,
  0x03, 0x04, 0x05, 0x05, 0x05, 0x05, 0x05, 0x05, 0x05, 0x05, 0x05, 0x05, 0x05, 0x05, 0x05, 0x05,
  0x05, 0x05, 0x06, 0x07, 0x09, 0x03, 0x04, 0x05, 0x06, 0x07, 0x08, 0x0a, 0x00, 0x7a, 0x7a, 0x7a,
  0x7a, 0x7b, 0x7b, 0x7b, 0x7b, 0x7b, 0x7b, 0x7b, 0x7b, 0x7c, 0x7c, 0x7c, 0x7c, 0x7c, 0x7c, 0x7c,
  0x7c, 0x7e, 0x7e, 0x7e, 0x7e, 0x7e, 0x7e, 0x7e, 0x7f, 0x80, 0x81, 0x82, 0x83, 0xff, 0xff, 0xff,
  0xff, 0xff, 0xff, 0xff, 0xff, 0xff, 0xff, 0xff, 0xff, 0xff, 0xff, 0xff, 0xff, 0xff, 0xff, 0xff,
  0xff, 0xff, 0xff, 0xff, 0xff, 0xff, 0xff, 0xff, 0xff, 0xff, 0xff, 0xff, 0xff, 0xff, 0xff, 0xff,
  0xff, 0xff, 0xff, 0xff, 0xff, 0xff, 0xff, 0xff, 0xff, 0xff, 0xff, 0xff, 0xff, 0xff, 0xff, 0xff,
  0xff, 0xff, 0xff, 0xff, 0xff, 0xff, 0xff, 0xff, 0xff, 0xff, 0xff, 0xff, 0xff, 0xff, 0xff, 0xff,
  0xff, 0xff, 0xff, 0xff, 0xff, 0xff, 0xff, 0xff, 0xff, 0xff, 0xff, 0xff, 0xff, 0xff, 0xff, 0xff,
  0xff, 0xff, 0xff, 0xff, 0xff, 0xff, 0xff, 0xff, 0xff, 0xff, 0xff, 0xff, 0xff, 0xff, 0xff, 0xff,
  0xff, 0xff, 0xff, 0xff, 0xff, 0xff, 0xff, 0xff, 0xff, 0xff, 0xff, 0xff, 0xff, 0xff, 0xff, 0xff,
  0xff, 0xff, 0xff, 0xff, 0xff, 0xff, 0xff, 0xff, 0xff, 0xff, 0xff, 0xff, 0xff, 0xff, 0xff, 0xff,
  0xff, 0xff, 0xff, 0xff, 0xff, 0xff, 0xff, 0xff, 0xff, 0xff, 0xff, 0xff, 0xff, 0xff, 0xff, 0xff,
  0xff, 0xff, 0xff, 0xff, 0xff, 0xff, 0xff, 0xff, 0xff, 0xff, 0xff, 0xff, 0xff, 0xff, 0xff, 0xff,
  0xff, 0xff, 0xff, 0xff, 0xff, 0xff, 0xff, 0xff, 0xff, 0xff, 0xff, 0xff, 0xff, 0xff, 0xff, 0xff,
  0xff, 0xff, 0xff, 0xff, 0xff, 0xff, 0xff, 0xff, 0xff, 0xff, 0xff, 0xff, 0xff, 0xff, 0xff, 0xff,
  0xff, 0xff, 0xff, 0xff, 0xff, 0xff, 0xff, 0xff, 0xff, 0xff, 0xff, 0xff, 0xff, 0xff, 0xff, 0xff,
  0xff, 0xff, 0xff, 0xff, 0xff, 0xff, 0xff, 0xff, 0xff, 0xff, 0xff, 0xff, 0xff, 0xff, 0xff, 0xff,
  0xff, 0xff, 0xff, 0xff, 0xff, 0xff, 0xff, 0xff, 0xff, 0xff, 0xff, 0xff, 0xff, 0xff, 0xff, 0xff,
  0xff, 0xff, 0xff, 0xff, 0xff, 0xff, 0xff, 0xff, 0xff, 0xff, 0xff, 0xff, 0xff, 0xff, 0xff, 0xff,
  0xff, 0xff, 0xff, 0xff, 0xff, 0xff, 0xff, 0xff, 0xff, 0xff, 0xff, 0xff, 0xff, 0xff, 0xff, 0xff,
  0xff, 0xff, 0xff, 0xff, 0xff, 0xff, 0xff, 0xff, 0xff, 0xff, 0xff, 0xff, 0xff, 0xff, 0xff, 0xff,
  0xff, 0xff, 0xff, 0xff, 0xff, 0xff, 0xff, 0xff, 0xff, 0xff, 0xff, 0xff, 0xff, 0xff, 0xff, 0xff,
  0xff, 0xff, 0xff, 0xff, 0xff, 0xff, 0xff, 0xff, 0xff, 0xff, 0xff, 0xff, 0xff, 0xff, 0xff, 0xff,
  0xff, 0xff, 0xff, 0xff, 0xff, 0xff, 0xff, 0xff, 0xff, 0xff, 0xff, 0xff, 0xff, 0xff, 0xff, 0xff
};
